environment,sample_id,epsilon,action_dim,D_G,kappa_env,kappa_model,D_kappa,E_kappa,r_env_over_model,D_scale,top1_angle_deg,effective_rank_env,effective_rank_model
Reacher,0,0.001,2,0.13285905930540307,1.0978205070059541,1.57213349834416,0.35910675596003044,0.35910675596003044,0.6982997997067214,2.3543299202103602,18.995184732450348,1.997826075190067,1.950723410159627
Reacher,1,0.001,2,0.0036582991767432904,933.7073924075762,379.43773666449516,-0.9004725881698111,0.9004725881698111,2.460765765196346,2.3717233065371532,0.11858894984567711,1.0084226011818758,1.0184095680254086
Reacher,2,0.001,2,0.33689374325669313,1.1821239181830545,3.500741109683294,1.0856619404970886,1.0856619404970886,0.33767818903066477,2.5145256357872903,8.50055410680777,1.99303816856885,1.6983553679132195
Reacher,3,0.001,2,0.26804055354680123,2.0529714850372343,6.167699566277745,1.100037678095931,1.100037678095931,0.3328585419857307,2.6207892817760077,2.7339069226701898,1.882178344928269,1.4979263064181891
Reacher,4,0.001,2,0.3050235791465381,1.965987974039583,7.231436278502616,1.302442767098266,1.302442767098266,0.2718668737888225,2.7830004382646365,0.28278666631456323,1.8948333188712418,1.4475526717154725
Reacher,5,0.001,2,0.2966629072617477,2.042126646251464,7.400805798289284,1.2875971474320849,1.2875971474320849,0.275933013500166,2.7195406326545113,0.6935809164066983,1.8837540179934746,1.4405143962671512
Reacher,6,0.001,2,0.24267675486926707,2.087020825994453,5.556022645046023,0.9791448937062901,0.9791448937062901,0.37563216698825486,2.605952075386669,0.9422854243045027,1.8772378257864315,1.5327679780899897
Reacher,7,0.001,2,0.16938191533365052,1.1482051229267287,1.8210832858358406,0.46123157557414135,0.46123157557414135,0.63050665055098,2.412583777746834,18.47880247902805,1.9952422360538105,1.915870661347552
Reacher,8,0.001,2,0.359633427372248,1.3951763989286239,4.469425343116286,1.1642389836501668,1.1642389836501668,0.3121601306256172,2.4782965524618024,17.62749543665277,1.9728400561778365,1.6090831760751234
Reacher,9,0.001,2,0.27247975921271855,1.6274385527113941,4.317161234774045,0.9755907259195752,0.9755907259195752,0.3769696020622617,2.491474993978463,1.104703882637594,1.9432396725949779,1.621599038475285
Reacher,10,0.001,2,0.1519933778538553,1.1972373080850593,1.4742184247427204,0.208111308529691,0.208111308529691,0.8121166361721469,2.473443958231055,46.17502791882351,1.9919474544992852,1.963376127919672
Reacher,11,0.001,2,0.27918714348810597,2.0836640947370264,6.832818733582656,1.1876093594078612,1.1876093594078612,0.3049494177997164,2.787485049632118,1.9808989673183126,1.8777243820724885,1.465108704674051
Reacher,12,0.001,2,0.3134405407587382,1.3638067768598627,3.7167898842231644,1.0025804712012534,1.0025804712012534,0.36693136263873255,2.388580847224872,13.146190969715466,1.9763590095078827,1.6763281522262967
Reacher,13,0.001,2,0.23617176784610713,2.1466333466368726,5.628792191388548,0.9639941587250406,0.9639941587250406,0.381366601154861,2.7497701741336917,0.49007406136116716,1.868619655007593,1.5283563159371145
Reacher,14,0.001,2,0.31955008587297773,1.7085047096969253,5.973432683944074,1.2517032019008354,1.2517032019008354,0.28601723667016404,2.6651206191201613,1.0920818661478644,1.9319551115337574,1.5084615717627379
Reacher,15,0.001,2,0.3267373966299518,1.996566938199441,8.7301488846659,1.4753532493454768,1.4753532493454768,0.22869792538204223,2.8755042752398534,0.7437443591518131,1.8903812816290912,1.3925467260782933
Reacher,16,0.001,2,0.3407141795861701,1.6629926029844344,6.311937843807039,1.3338239839835158,1.3338239839835158,0.2634678357322673,2.600177002301004,4.347331210056629,1.9383303480449294,1.4903976618800228
Reacher,17,0.001,2,0.2677652933768813,1.7134944217346524,4.574118814594079,0.9818792644971133,0.9818792644971133,0.3746064523439173,2.494724650487343,1.2463007603286895,1.9312507900211835,1.600767676881912
Reacher,18,0.001,2,0.2676180392809518,2.1758617252419676,6.958297721266674,1.16251008256444,1.16251008256444,0.31270029142212075,2.659404862539939,0.25354693322407745,1.8644124878849833,1.459425397823316
Reacher,19,0.001,2,0.258766321814238,1.1847236871748754,2.0336216593615455,0.5403087001268997,0.5403087001268997,0.5825683856783955,2.2238973123172854,50.34076372565691,1.9928551373001238,1.8849903275285194
Reacher,20,0.001,2,0.14501513715254088,2.1044071252400407,3.493178530835123,0.5067782988046579,0.5067782988046579,0.6024333158651742,2.563175898209835,3.165375217888241,1.8747196838416704,1.699150653854336
Reacher,21,0.001,2,0.12350989546371323,1.5727709995588826,2.148405984470005,0.311887133086084,0.311887133086084,0.7320641493869572,2.5012018371601856,10.261769263632866,1.9506383465221346,1.8683641243859714
Reacher,22,0.001,2,0.19635578267901058,1.9856679612439085,4.030785850771187,0.7080059952006507,0.7080059952006507,0.4926255164024659,2.793325035060688,3.4946484472670316,1.8919679147979391,1.6465810663293847
Reacher,23,0.001,2,0.0983389427128375,2.06260179792474,2.364155262562716,0.1364525807118883,0.1364525807118883,0.87244769012713,2.644852688891515,9.681095269144455,1.8807799184723988,1.8377048775587879
Reacher,24,0.001,2,0.186190759980884,1.4628127800413273,2.5495227437538484,0.555545038389051,0.555545038389051,0.573759455029423,2.489657645888026,8.707265822132864,1.9647887256829204,1.8122659176665774
Reacher,25,0.001,2,1.087235674977413,62320.06608192594,3.957653627792623,-9.66438740948483,9.66438740948483,15746.720643838884,7.892227632875691,73.84144147520249,1.000193212514281,1.6532805982902108
Reacher,26,0.001,2,0.3359032937347062,1.8350106261870718,7.6792778999319715,1.4314752469653336,1.4314752469653336,0.2389561427648461,2.7513337456376776,0.16701402226904388,1.9138591302357022,1.4294439434642252
Reacher,27,0.001,2,0.35783545770217245,1.3396176150195322,4.163613484553669,1.1339991120168422,1.1339991120168422,0.32174398992348746,2.555916232597268,18.951678532984314,1.978965496736825,1.6347513589939575
Reacher,28,0.001,2,0.2563938371190308,2.135517013461535,6.262037924275181,1.0757969009056023,1.0757969009056023,0.3410258831526826,2.7084780314500003,0.5776418880070174,1.8702231644223197,1.4929747951448211
Reacher,29,0.001,2,0.2511852711046963,2.2156978496195148,6.4156417734086215,1.063171625544948,1.063171625544948,0.34535872292668823,2.74051444737962,2.5045591338246704,1.858701553557143,1.485131937767836
Reacher,30,0.001,2,0.3534030974905782,1.6761630881522736,7.009019238730965,1.4306904770829227,1.4306904770829227,0.2391437419503724,2.625826052152524,3.0606644161447742,1.9364951305906815,1.457169951613961
Reacher,31,0.001,2,0.21664448642751866,2.201455789615563,5.221443120513586,0.8636549594800957,0.8636549594800957,0.42161826506673233,2.685128023339346,2.4824665166129414,1.860740051877418,1.5540830813990507
Reacher,32,0.001,2,0.1101656239543614,2.2928204948207536,2.274810429255283,-0.007885995694616352,0.007885995694616352,1.0079171720569995,2.5138962496223756,11.490900866355341,1.8477327184368078,1.8502830359327354
Reacher,33,0.001,2,0.12438942050181025,1.1595866580059575,1.6258736281110775,0.33798167630372844,0.33798167630372844,0.7132083563918512,2.5042869380319943,13.609907754361654,1.9945417360001891,1.9434541272434247
Reacher,34,0.001,2,0.22486023152967569,2.019204305856071,4.806302170765056,0.8672244831695319,0.8672244831695319,0.4201159715130143,2.584905563019865,0.2546693588928625,1.887087065616855,1.583122807087196
Reacher,35,0.001,2,0.19244291681554482,1.1297850939458554,1.8377213381269526,0.4864989686856175,0.4864989686856175,0.6147749773082344,2.437269992828614,31.088112971762843,1.996287693718928,1.9134672623165867
Reacher,36,0.001,2,0.28867969178279546,2.193186991949975,8.132820132506254,1.3105520097301895,1.3105520097301895,0.2696711541896735,2.7229780431815667,1.4461608535559694,1.861925274431708,1.4126376362013862
Reacher,37,0.001,2,0.1262630566498374,2.1296013746376863,3.309056514868916,0.4407282937824867,0.4407282937824867,0.6435675441227838,2.6006561666440837,2.3381373784649395,1.8710772007835368,1.719037821717612
Reacher,38,0.001,2,0.24600954726454466,2.167222656211572,6.050938384697602,1.0267668990501113,1.0267668990501113,0.35816306801145514,2.6060283860284965,0.446493406537818,1.865654594486689,1.504202383115305
Reacher,39,0.001,2,0.1623725590509322,1.1132522689825282,1.7860283220822202,0.47270863677895053,0.47270863677895053,0.6233116548144411,2.452116516815495,5.2106382275742265,1.9971286424855512,1.9209163314578195
Reacher,40,0.001,2,0.4862118751708178,1.0902666284424045,5.128693642834205,1.5484286966560592,1.5484286966560592,0.212581741934561,2.536092144696014,53.55239713141521,1.9981354088910128,1.5603095213113665
Reacher,41,0.001,2,0.27700885094820354,1.7478422038836412,4.927953727119067,1.0365418356172162,1.0365418356172162,0.3546791022539589,2.635901332614944,2.1437481903529245,1.9263776948735416,1.5742934405724909
Reacher,42,0.001,2,0.2751776803325382,1.9876341629075924,6.132866212608166,1.1267171434408025,1.1267171434408025,0.32409547086178775,2.6432087343419033,0.5821471724980191,1.8916816624391917,1.4997812945081266
Reacher,43,0.001,2,0.23223872460414152,2.1621215726968948,5.5583180216790495,0.9442055991836097,0.9442055991836097,0.3889884609451986,2.6426678126610263,1.380952741911294,1.8663885842355277,1.5326276164529848
Reacher,44,0.001,2,0.13003672064343166,1.1569147616815967,1.6904139037549537,0.37921663875499695,0.37921663875499695,0.6843973296195188,2.32060644062314,0.6887744332794856,1.994709821110887,1.9345002220519687
Reacher,45,0.001,2,0.10456514869690685,1.1867359515723548,1.3431350965000162,0.12379986490927045,0.12379986490927045,0.8835566538800071,2.473792549274484,37.028495966437205,1.9927121441999938,1.978592592535686
Reacher,46,0.001,2,0.3919407149044131,1.4219133279277445,5.346201611216777,1.3243829508423992,1.3243829508423992,0.26596702319352333,2.5955815583896107,18.184411202308958,1.9697280960074603,1.5459305005387258
Reacher,47,0.001,2,0.8015235748175205,24.847728503006852,1.8941324873126821,-2.5740053966548504,2.5740053966548504,13.118263199349796,3.1967022331772372,63.193721126375515,1.1779224743178618,1.905288443244891
Reacher,48,0.001,2,0.6120417008670389,8.8791842180935,1.460343230642911,-1.8050381878797148,1.8050381878797148,6.080203634171995,2.866285587940015,52.58387930629536,1.3878582792358922,1.965092669193717
Reacher,49,0.001,2,0.22312097014291687,1.8108376027295017,3.970234392739087,0.7850356317739853,0.7850356317739853,0.4561034497210616,2.6729685148054103,4.368457866070026,1.9173481066622127,1.6521184929517474
Reacher,50,0.001,2,0.8481414445932288,38245.55949364871,1.6182986447441805,-10.070407362762335,10.070407362762335,23633.190090012427,7.422263542997003,72.09899480363005,1.000302080518235,1.9444901526021405
Reacher,51,0.001,2,0.20984095924621413,1.4853722390297148,2.9185375457010445,0.6754172434478838,0.6754172434478838,0.5089440227409932,2.4871722359650508,3.5249196835558476,1.9619810069305097,1.7646867801437636
Reacher,52,0.001,2,0.273499679814721,1.9576320752102565,5.894669752805286,1.1023128928648467,1.1023128928648467,0.3321020782001596,2.604810281384276,1.3388891423491835,1.8960499608413799,1.512868237626963
Reacher,53,0.001,2,0.741133305347501,14.635146829189226,1.5591170699050139,-2.2393062726324926,2.2393062726324926,9.38681713624035,2.987909893867783,69.81138946462752,1.268358107713347,1.952453403941077
Reacher,54,0.001,2,0.13457852848148408,2.137864266576392,3.36752419304254,0.45437048912933514,0.45437048912933514,0.6348474855780748,2.5971191795687574,4.100398368873626,1.869884429406387,1.7126123207898107
Reacher,55,0.001,2,0.11262132042174727,1.9147392104358518,2.7932469458567923,0.37762326822450293,0.37762326822450293,0.6854886974014145,2.5803305518577506,0.7912266673471935,1.9022926746465447,1.7803606229484432
Reacher,56,0.001,2,0.2532290227735371,2.15897469678301,6.176961008918869,1.0511929728073746,1.0511929728073746,0.3495205318061232,2.6847066712038825,2.849959750190024,1.8668415906156237,1.4974355476592045
Reacher,57,0.001,2,0.12407236267144389,2.0872387758471533,2.395063637107919,0.1375677687335662,0.1375677687335662,0.8714752892192588,2.4669831217719835,12.551731287316638,1.8772062382164354,1.83339870657925
Reacher,58,0.001,2,0.22788670204478273,1.3216284112248256,1.676631789336931,0.23792227248788697,0.23792227248788697,0.788263958509041,2.369263594824561,53.62432774209399,1.9808383771258733,1.9364296792478413
Reacher,59,0.001,2,0.2714895496426179,1.8582655692853698,5.314958729767512,1.050881683848801,1.050881683848801,0.3496293506246387,2.671670212074104,1.6870471632713318,1.9104933231629728,1.547948652730632
Reacher,60,0.001,2,0.3014218892263588,1.8284116159848138,6.1129277539178375,1.2069582120009799,1.2069582120009799,0.2991057132669311,2.658456884300106,1.0666143331037483,1.9148126582221734,1.5008496799411701
Reacher,61,0.001,2,0.22236511350592642,2.042776172254695,4.800366811171289,0.8543825825222985,0.8543825825222985,0.4255458494340056,2.6631588705512796,2.132233158277314,1.8836596222421529,1.5835606908751556
Reacher,62,0.001,2,0.33928619103242663,1.3352799454246704,4.2846832335802265,1.1659056580156324,1.1659056580156324,0.31164029465695825,2.423046778569679,4.036889334831267,1.9794223737667018,1.6243355646942763
Reacher,63,0.001,2,0.4857160805567539,1.2419346235968516,4.033172943231785,1.177883052882909,1.177883052882909,0.30792992045654466,2.4011806580850785,69.12117448747199,1.988365975279974,1.6463646579042164
Reacher,64,0.001,2,0.18726347464620835,1.129947547783876,1.8643602844032385,0.5007467694536645,0.5007467694536645,0.6060778902215029,2.4769882667146352,23.989236899900508,1.9962789647947705,1.909609921910683
Reacher,65,0.001,2,0.35387361432358067,1.5230833872217378,5.713340078894976,1.322066980805462,1.322066980805462,0.2665837086869716,2.657038572972816,5.657953755734912,1.9571707138315904,1.5233256836950262
Reacher,66,0.001,2,0.21395110522589847,2.0160993046953597,4.5251144733088235,0.8084782675233008,0.8084782675233008,0.4455355365233802,2.5271850636015047,1.8271555129188572,1.8875387798954886,1.604631195448134
Reacher,67,0.001,2,0.14161403327747898,2.1179703166068116,3.0892064310715996,0.37745600724380957,0.37745600724380957,0.6856033625024273,2.515338393880212,8.734717665065745,1.872757755591467,1.7441439357809876
Reacher,68,0.001,2,0.14301954664707028,2.1363653489353194,3.5587201414560847,0.5102950194167666,0.5102950194167666,0.6003184470867677,2.518008829386282,2.311833072083271,1.8701007310535378,1.6923134438250842
Reacher,69,0.001,2,0.3903635122317559,1.4443778639294056,6.424305211261363,1.4924098017486058,1.4924098017486058,0.22483020598048659,2.641072422032736,4.698954016477446,1.967040360016417,1.4846974623427063
Reacher,70,0.001,2,0.22435118386433925,2.0512863277802653,4.9112389946243304,0.8730591777028549,0.8730591777028549,0.4176718604053949,2.6200409597087995,0.6000411004028922,1.8824231264958997,1.5754903068490322
Reacher,71,0.001,2,0.18546940627240407,1.1254399598809146,1.782231664825359,0.45969228865081846,0.45969228865081846,0.6314779285392151,2.487960116241642,32.778453431346605,1.996517844318496,1.9214611125515835
Reacher,72,0.001,2,0.2975630146077469,1.5619891087315791,4.55143243009167,1.069481924467721,1.069481924467721,0.34318626777902517,2.6305918161246407,1.4741530481297394,1.9520727941878153,1.6025500798410006
Reacher,73,0.001,2,0.02983402041708727,1168.9183911783482,502.13925766300156,-0.8449566613131448,0.8449566613131448,2.327876925254944,2.3661900190347884,1.210556698857894,1.0069168237125854,1.0144531009755218
Reacher,74,0.001,2,0.21470116647475793,1.1396615012826172,2.169099540502535,0.6435808335246971,0.6435808335246971,0.5254076541911864,2.5011528222775596,0.04880115934140242,1.9957409842727325,1.8653846345980092
Reacher,75,0.001,2,0.6367817697207453,141.75087408761732,1.5870086610376843,-4.492220209971749,4.492220209971749,89.31953401875693,8.961599504588111,30.81021429483647,1.0426172896160077,1.9487309246409723
Reacher,76,0.001,2,0.13362801857091136,1.337480829078094,1.9841379807868567,0.394396686926241,0.394396686926241,0.6740866018540124,2.417792930722922,4.803274190406023,1.9791909713859142,1.8921906513982063
Reacher,77,0.001,2,0.2402095865893923,2.1849526540360804,5.914648181322862,0.9958378569156924,0.9958378569156924,0.3694137989366253,2.72261430013454,1.448218937476849,1.8631067540223916,1.5117428609349834
Reacher,78,0.001,2,0.13355117419669715,1.3761922563225133,1.73203832177073,0.22997848471347446,0.22997848471347446,0.7945506973053451,2.538549368711994,21.923059712637382,1.9749875977140474,1.9286250025923874
Reacher,79,0.001,2,0.26519238519156807,1.8500291463929743,5.062436949490267,1.0066465841602839,1.0066465841602839,0.36544240745146517,2.531660367439481,3.130313679163549,1.9116863492413374,1.5648468592757139
Reacher,80,0.001,2,0.27627862608195153,1.8903577614441456,5.632047910563815,1.0917070227393126,1.0917070227393126,0.3356430540831293,2.638971721795387,0.9871601996465927,1.9058368503692291,1.528160715518452
Reacher,81,0.001,2,0.2831046687855946,1.98065459696539,6.361506725290967,1.166837861189626,1.166837861189626,0.3113499179512063,2.7668036544768695,1.7044652528006345,1.8926978232248302,1.4878656933209962
Reacher,82,0.001,2,0.2808954556162203,1.7115482172301018,4.857509133408162,1.043127431447864,1.043127431447864,0.35235100341010217,2.696258099767708,2.03833219678821,1.9315256218680485,1.579372567232407
Reacher,83,0.001,2,0.8253899964355933,17.39425861022603,1.842789061638452,-2.2448599685076105,2.2448599685076105,9.439093693534586,3.0594731102083506,77.67213179832423,1.2351246022246842,1.912734243798081
Reacher,84,0.001,2,0.26752250210902634,1.2835909894480426,2.2081458302485895,0.5424915620638673,0.5424915620638673,0.5812981062503186,2.2643844573475937,40.66382750045963,1.9845974613081379,1.8597820420434916
Reacher,85,0.001,2,0.2371734217604786,2.2392511640491235,6.067733910309761,0.9968437010126134,0.9968437010126134,0.3690424130571026,2.7655038596447565,1.3896116855138532,1.8553387589176478,1.503289304760949
Reacher,86,0.001,2,0.16667972526752953,1.1213507183681808,1.7997224449006357,0.4730984985171403,0.4730984985171403,0.623068696812353,2.435471811282938,13.144121217395849,1.9967285414478866,1.9189484782671697
Reacher,87,0.001,2,0.2261334438127395,2.138946760247824,5.199188940686252,0.8881891007065961,0.8881891007065961,0.41140008271472817,2.6630478314780786,3.342147414226128,1.8697282398436315,1.555563929617068
Reacher,88,0.001,2,0.26021470660394597,1.908425479798,5.202629128130497,1.0028855534140593,1.0028855534140593,0.36681943548103146,2.600641877596713,2.815580037584221,1.9032108770461513,1.5553344825098836
Reacher,89,0.001,2,0.27842964646082224,2.1154098186427084,6.944535289826202,1.1887064996480678,1.1887064996480678,0.3046150289914719,2.677072465578796,2.914714957016053,1.87312795706056,1.460041492249811
Reacher,90,0.001,2,0.737310990384798,1.1275837987031556,115.72551412697301,4.631144017360943,4.631144017360943,0.009743605869540407,1.6385688223005213,88.15539982584025,1.9964050927773749,1.0505441186892341
Reacher,91,0.001,2,0.49683137998821103,2.4322890808594324,1.8089920096783114,-0.29606303310423066,0.29606303310423066,1.3445549056305452,2.8331598194000955,84.92329607618818,1.8282453771089962,1.9176140295092143
Reacher,92,0.001,2,0.25922505051195777,1.964535622412997,5.3117879997942055,0.9946726087799856,0.9946726087799856,0.36984450857020446,2.666818035843994,4.864306717295276,1.8950447879729506,1.5481543365894634
Reacher,93,0.001,2,0.17453434766143885,2.044952651708478,2.04792200297059,0.0014509859370747328,0.0014509859370747328,0.9985500662340634,2.636821222457972,21.056533224731055,1.8833433361138365,1.882911868149233
Reacher,94,0.001,2,0.2482879335901343,1.9740400244437744,5.1790150567498,0.9645326780941114,0.9645326780941114,0.3811612831422477,2.7224669889787667,2.4549305856642274,1.8936609048273483,1.5569134653282977
Reacher,95,0.001,2,0.2651018544231185,2.143839730114905,6.640325635761831,1.1305625161467263,1.1305625161467263,0.3228515960978089,2.643417846507941,1.0856951889772164,1.869022459708186,1.4741249971172847
Reacher,96,0.001,2,0.28077191320286954,1.9746076738298188,6.247521476625905,1.1518150888980547,1.1518150888980547,0.3160625667662761,2.6891511698155406,1.3566036541247515,1.8935782535414223,1.4937299199715606
Reacher,97,0.001,2,0.2749587124429967,2.182726164987847,7.266710549924207,1.2027290901568761,1.2027290901568761,0.3003733463706784,2.8026104358376136,2.325294205085178,1.8634264161943026,1.4460670182561737
Reacher,98,0.001,2,0.295594550717868,1.9583043052914593,6.731841950808672,1.2347698503294549,1.2347698503294549,0.29090170559577905,2.7976453541332535,1.353469883654131,1.8959520842439295,1.4697924225735606
Reacher,99,0.001,2,0.13818839565057336,982.7203709068691,11.033926321686899,-4.4893498772425415,4.4893498772425415,89.06352482845182,2.4373924495033443,3.331799910708503,1.008053676733513,1.3314549140509295
Reacher,100,0.001,2,1.1342594057286817,174142.48718992263,4.379215269970695,-10.590759588753977,10.590759588753977,39765.68322275876,9.0194220558416,79.85861401991677,1.000075042268438,1.6164365840435242
Reacher,101,0.001,2,0.045523755225985924,1171.5825510410177,285.92576751348605,-1.4103784985881915,1.4103784985881915,4.097506010841638,2.227653776477751,1.8464656509636728,1.0069030083480535,1.0234740698496707
Reacher,102,0.001,2,0.1286502989608602,1.3157797613999616,1.9254873421811036,0.3807496361298705,0.3807496361298705,0.6833489540936201,2.338659941220191,3.662836993675336,1.981434596009911,1.9007290358692006
Reacher,103,0.001,2,0.13835194315347388,1.4614579124059726,1.833126353083758,0.22658839125705457,0.22658839125705457,0.7972488693686881,2.4318509148371805,20.450454899247116,1.9649555556803462,1.9141314861519854
Reacher,104,0.001,2,0.23505190184424507,1.3301850649277982,2.8029196299832857,0.745343519799165,0.745343519799165,0.47457124731604605,2.36125925161153,0.44496766711858077,1.979954764300421,1.77913269578496
Reacher,105,0.001,2,0.1703561235774717,1.982952195612498,3.6205875129859955,0.6020495669310723,0.6020495669310723,0.5476879618294613,2.513004037962043,2.629747800305441,1.8923633050733193,1.6859729934708922
Reacher,106,0.001,2,0.6422089015516518,4.222898979694939,1.893859231753482,-0.8019051854645838,0.8019051854645838,2.22978503834472,3.0367267222880954,78.08037342478995,1.6296082058560093,1.9053281464400398
Reacher,107,0.001,2,0.3910790297584535,1.277291609435368,4.875761446481492,1.3395343803428774,1.3395343803428774,0.26196761745944386,2.495272941405816,13.137883449220215,1.9851918210933241,1.5780477552192915
Reacher,108,0.001,2,0.2763598641585852,2.1048866025022397,6.878673056803467,1.18416416855483,1.18416416855483,0.30600183859885105,2.6982838392525017,1.1374919412772408,1.8746502883850442,1.463014483153846
Reacher,109,0.001,2,0.37580303777490226,1.2662895179857154,4.148596577915529,1.1866791182830658,1.1866791182830658,0.3052332262738271,2.318898995865851,21.432089799599794,1.9862095164920726,1.6360673459770345
Reacher,110,0.001,2,0.2842950088412214,2.149431468167641,7.423023021162887,1.2393830156988008,1.2393830156988008,0.2895628185497547,2.85216767917674,3.245851057440111,1.8682163168257027,1.4396087265636506
Reacher,111,0.001,2,0.24580843343281075,1.458881623402913,3.2928914343137756,0.8140959034087469,0.8140959034087469,0.44303969702752666,2.464430978110063,0.8761663626101054,1.9652722046812097,1.7208326710644917
Reacher,112,0.001,2,0.1818593497110706,1.103702699730029,1.8815237353568939,0.5334113282303249,0.5334113282303249,0.5866004658828685,2.420328415824767,3.962230494546982,1.997570463061637,1.9071197800307806
Reacher,113,0.001,2,0.6419975083009488,9.114587579631257,1.5067901230132756,-1.7998945188970268,1.7998945188970268,6.049009374579603,3.0335906753210296,57.76655641615015,1.3806944482810735,1.959266000146584
Reacher,114,0.001,2,0.12616564301905517,1.54626902416843,1.6735325805975063,0.0790917619449621,0.0790917619449621,0.9239551366346038,2.4721485461890396,22.037986323592268,1.9541479026656503,1.9368623223180081
Reacher,115,0.001,2,0.3247154017494762,1.958743669305707,8.207876710737102,1.4327909850183314,1.4327909850183314,0.23864194582057796,2.7886813146947533,1.16843461596529,1.895888112661483,1.4099917663039632
Reacher,116,0.001,2,0.22098269869021273,2.230062634208628,5.505043504197102,0.9036350006465274,0.9036350006465274,0.40509446156209394,2.730251633617388,1.23680873123344,1.8566493554508845,1.5359047887696575
Reacher,117,0.001,2,0.2398794083463574,2.129293717149076,5.665946964116328,0.9786837044488156,0.9786837044488156,0.37580544446221525,2.6457365834419577,0.577479659560351,1.8711216303263354,1.5261331246629466
Reacher,118,0.001,2,0.8253713827152578,17.245786192424337,1.8851259889986107,-2.2135731786049466,2.2135731786049466,9.148346738132549,2.9132774728971524,75.25802494729282,1.2366838392116977,1.9065967375554167
Reacher,119,0.001,2,0.47888082121823966,4.219313279316561,1.321805507769811,-1.1606737738698572,1.1606737738698572,3.1920832940358297,2.8650207663485725,55.09143542604011,1.6299169261032085,1.9808202188010282
Reacher,120,0.001,2,0.004483617222799211,1134.3575874472149,283.04960800131647,-1.3881995918545784,1.3881995918545784,4.007628187359789,2.386076810034009,0.10152433794386083,1.0071015128344543,1.0236781832818758
Reacher,121,0.001,2,0.28531620083595305,2.007103208555619,1.824377069755617,-0.09545389565800885,0.09545389565800885,1.1001580987994324,2.6924194360393914,39.91113567287742,1.8888477778883679,1.9153952533151106
Reacher,122,0.001,2,0.3439807132284341,1.053094832353507,3.1009684279011482,1.0799811704908873,1.0799811704908873,0.33960192012218615,2.232689536063993,0.8757289540429729,1.9993312523205793,1.7427623704197486
Reacher,123,0.001,2,0.24532885107792354,1.956770577074565,4.953942832406997,0.9288883417247923,0.9288883417247923,0.39499256315071746,2.808794150134056,4.117259961961982,1.896175394118341,1.572442608860883
Reacher,124,0.001,2,0.28977990546176047,2.057141154039605,7.1572535262415204,1.2468090920353903,1.2468090920353903,0.2874204674317118,2.7920887089020607,1.422078287736844,1.8815727681208214,1.4507118611494854
Reacher,125,0.001,2,1.1654704409834427,41409.66218904011,6.163253018355252,-8.812664793240096,8.812664793240096,6718.799644556998,7.507398625467238,73.07522152115149,1.0002809159430923,1.4981622870617395
Reacher,126,0.001,2,0.15405591691599524,1.8510681032581555,3.0936270664635375,0.513581384854205,0.513581384854205,0.5983488195214796,2.4567078750310456,3.384556942402117,1.9115359119161728,1.7436241927772513
Reacher,127,0.001,2,0.17774481512915366,1.1429717216125377,1.8812889124469034,0.49832548964813345,0.49832548964813345,0.6075471524072974,2.357164184596911,15.72275619775084,1.9955505481816362,1.90715383870468
Reacher,128,0.001,2,0.35249675046194917,1.6238864608965764,6.4249614792577745,1.3753683092626328,1.3753683092626328,0.25274648978660824,2.430312390395317,5.146052612531855,1.9437262448957968,1.4846645987746274
Reacher,129,0.001,2,0.2250512361405657,2.2076231909001525,5.510709523867787,0.914776927530405,0.914776927530405,0.4006059802895751,2.631143838243735,1.9695340838498203,1.8598568389634302,1.5355542049150752
Reacher,130,0.001,2,0.3054367920283983,1.6358326475830518,5.119147798118935,1.1408360402230902,1.1408360402230902,0.3195517519896865,2.5155442478237737,0.31152150576528537,1.9420868993972238,1.5609586019188553
Reacher,131,0.001,2,0.2775673450395078,1.63241833802974,4.443788860634569,1.0014448012694948,1.0014448012694948,0.3673483122680658,2.6951018143104726,0.8564348170906231,1.9425562826124392,1.6111549374474807
Reacher,132,0.001,2,0.19266683227498052,1.1448713347653177,2.0055928027197867,0.5606474199553947,0.5606474199553947,0.5708393713882282,2.419414439629677,10.38206458149255,1.9954396568727748,1.8890675774095225
Reacher,133,0.001,2,0.1427492892513539,1.178462339628509,1.7099350667219753,0.3722449104242791,0.3722449104242791,0.6891854331566378,2.5296247359875106,18.156002701166106,1.9932926558238717,1.9317533196617658
Reacher,134,0.001,2,0.16254372775523596,2.021576953319191,2.1646948073798664,0.06840150814072667,0.06840150814072667,0.9338854356869345,2.476379156895379,18.848061050034165,1.8867419265476835,1.8660182623818675
Reacher,135,0.001,2,0.258531986125995,1.6371574198911745,3.998205989915604,0.8928843005782499,0.8928843005782499,0.4094730046477001,2.716841700133071,5.50513813804711,1.9419045972239943,1.6495490280134506
Reacher,136,0.001,2,0.2483858325645211,2.2175396803268717,6.394186194307658,1.0589908411606814,1.0589908411606814,0.3468056157484134,2.6812878040286443,0.5788109239954484,1.8584382036523246,1.4862115176086954
Reacher,137,0.001,2,0.2708254066501055,1.092996325098671,2.4675190530920106,0.8142903669400805,0.8142903669400805,0.4429535503399878,2.260806536992674,11.928838930406666,1.9980261087144313,1.823402766725951
Reacher,138,0.001,2,0.4194992646780831,1.2442713049356129,4.80756959667598,1.3516416137407783,1.3516416137407783,0.25881503739351364,2.5463680094052217,25.522821616398712,1.988165040665731,1.5830293596292815
Reacher,139,0.001,2,0.20538369308798496,2.136796463281312,4.726126775302989,0.7937982758146475,0.7937982758146475,0.45212423721839823,2.65328872468682,2.0763904592842692,1.8700385157284465,1.5890953214592467
Reacher,140,0.001,2,0.1499172888932195,2.103863768186683,3.0594728554378023,0.3744670878409732,0.3744670878409732,0.6876556412152335,2.608229999254617,10.041805833899055,1.8747983280441816,1.7476560451185736
Reacher,141,0.001,2,0.17206873252720742,2.2609334808014916,4.238737091402766,0.6284875964675978,0.6284875964675978,0.5333979041510355,2.6653013560076495,4.38894404601907,1.8522528822356872,1.6282481344631021
Reacher,142,0.001,2,0.15228234075986846,2.2049476565960333,3.6360703854581597,0.5001997639528113,0.5001997639528113,0.6064095088517383,2.5874686107027096,5.9769149396636365,1.8602399081032437,1.6844032678431964
Reacher,143,0.001,2,0.10956624907181008,1.758935800999851,2.0340347573353337,0.145312418001604,0.145312418001604,0.8647520867854426,2.6655361481846525,13.246266540020223,1.9247954042381619,1.884930244529201
Reacher,144,0.001,2,0.0834304373632825,1.1257338821380873,1.2530462928060444,0.10714245815327095,0.10714245815327095,0.8983976797993182,2.2015680779829556,40.25306264124201,1.99650247877635,1.9873990035985836
Reacher,145,0.001,2,0.4166262521062927,1.4656273629296819,7.583109278850032,1.6436399257615397,1.6436399257615397,0.19327525280658256,2.6592173726264847,8.58577536209956,1.964441489655604,1.4331989727858883
Reacher,146,0.001,2,0.2787333480400887,2.012501811349996,6.388764266791925,1.1551622338496248,1.1551622338496248,0.3150064280522531,2.5189447511302605,1.5991639291435082,1.8880621990449238,1.4864851393757827
Reacher,147,0.001,2,0.2248010930072452,2.051203339217981,4.909787726186212,0.8728040922391213,0.8728040922391213,0.41777841601541077,2.601008467344062,1.401848875763018,1.882435181778866,1.5755944815772842
Reacher,148,0.001,2,0.2155872488859733,2.1863229176770584,5.192112497520339,0.8649195469916723,0.8649195469916723,0.421085428854095,2.620911755740869,0.622486271550878,1.862910064319125,1.5560365493366735
Reacher,149,0.001,2,0.3192724953634359,1.8524386660017833,7.011578651633153,1.3310599067714346,1.3310599067714346,0.2641970885644004,2.6575478773730596,0.11019976103584286,1.9113374353133248,1.4570567535226617
Reacher,150,0.001,2,0.32360811512695464,308818314.9453116,3.71734865188299,-18.235252998226915,18.235252998226915,83074885.85685457,9.563927998257824,6.5186659803288265,1.0000000665383602,1.676272885075528
Reacher,151,0.001,2,0.2984025947823586,2.0564101511297084,7.574315153954427,1.3038011210428861,1.3038011210428861,0.271497833049116,2.777806222663468,1.5308784832881712,1.8816789241211724,1.4335458941510473
Reacher,152,0.001,2,0.29526063758157667,1.8667738090952295,6.1158340904969215,1.1866694554173987,1.1866694554173987,0.3052361757157397,2.6651451372000525,1.7540112074444745,1.909259967002008,1.5006936462933904
Reacher,153,0.001,2,0.15772849646177792,2.0275706093311334,3.5172006654859658,0.5508270755200159,0.5508270755200159,0.5764728265940401,2.508511217532849,3.161279058048836,1.8858701894373235,1.6966302549387768
Reacher,154,0.001,2,0.32887497217407813,1.4677236397052913,4.454261966543154,1.1101487269850223,1.1101487269850223,0.32950995040921593,2.39024034477627,11.589505669797791,1.9641822916842702,1.6103068599872126
Reacher,155,0.001,2,0.32801543556140816,1.7786088665562412,6.810205068680625,1.3425907094800738,1.3425907094800738,0.2611681804907558,2.6600094679432087,0.7983012575081592,1.9219805987797147,1.4661489558495733
Reacher,156,0.001,2,0.27509939428052654,1.1336993767647723,2.2076369147878516,0.666436603820928,0.666436603820928,0.5135352508243947,2.272822632756531,48.463101496314785,1.9960749034054828,1.8598548707813018
Reacher,157,0.001,2,0.5760074665411651,4.1988578016785345,1.6739531965638954,-0.9196245236878318,0.9196245236878318,2.508348387695356,2.892551240368911,67.77946664856795,1.6316838537147875,1.9368036519283716
Reacher,158,0.001,2,0.16835174719456303,1.1629307145366607,1.9028569821260548,0.49241313460176894,0.49241313460176894,0.6111498265294341,2.5752378317746163,6.311256135913319,1.994328268712293,1.9040204526955478
Reacher,159,0.001,2,0.1792283633472183,1.0482325500931724,1.7644070971223298,0.5207092514136392,0.5207092514136392,0.5940990329288481,2.415948457663187,5.647254939098817,1.9994454996114552,1.9240136745883782
Reacher,160,0.001,2,0.1859708908059319,1.4326776345733,1.7592843075684743,0.20536191780967017,0.20536191780967017,0.8143525343856555,2.5008338157667995,33.519663403755104,1.9684481797301132,1.9247456212481562
Reacher,161,0.001,2,0.24969552587587102,1.1615337917451765,2.490282094995387,0.7626546292230378,0.7626546292230378,0.46642659242479434,2.442395673377273,3.984059737304024,1.9944178578632015,1.8202920563678648
Reacher,162,0.001,2,0.29147682473937975,1.924928119883539,6.36303517459294,1.1956168655018673,1.1956168655018673,0.30251728413660417,2.6974292625039826,0.4204619629998226,1.900810414238885,1.4877880353775546
Reacher,163,0.001,2,0.3350520471323486,1.7187931656223345,6.631586551179649,1.350221677729552,1.350221677729552,0.25918279922269727,2.641560853072571,1.062778559375137,1.9305017947549314,1.474543191231126
Reacher,164,0.001,2,0.32608155744668194,1.7241373303369945,6.283960413469309,1.2932735937612427,1.2932735937612427,0.27437113172155014,2.7290007100470017,2.4633116544833498,1.929745311941983,1.4918390699313422
Reacher,165,0.001,2,0.3134173464940046,1.6195042403273334,5.194786021663189,1.165535356497708,1.165535356497708,0.3117557169003132,2.6417291999933505,3.4259214842956864,1.9443254873928457,1.5558578900869455
Reacher,166,0.001,2,0.3103425086803668,1.8847802366404118,6.861203709222765,1.2920716653951227,1.2920716653951227,0.2747011044296656,2.7465104321483245,0.18485898545881393,1.9066469270502708,1.4638099710858798
Reacher,167,0.001,2,0.13492848337397367,1.211497403513916,1.4260024982133763,0.16301795582062018,0.16301795582062018,0.8495759334445687,2.4814072982088895,41.94957069088139,1.9908608250816568,1.9692436412856869
Reacher,168,0.001,2,0.4418432264941744,1.3083661685424144,6.279586796007197,1.5685250222748293,1.5685250222748293,0.20835227078544785,2.624454800261679,18.830568352607518,1.9821810867074983,1.4920652116097157
Reacher,169,0.001,2,0.14403494185598195,1.5658155398591767,2.346198639370544,0.4043896181686455,0.4043896181686455,0.667384045657475,2.4489416635707544,8.874658829159378,1.9515647326925194,1.8402176370098604
Reacher,170,0.001,2,0.2038680959926235,2.250539562576872,5.0427926257508995,0.8067900279843667,0.8067900279843667,0.4462883425117555,2.7150897986143936,2.7046467770346223,1.8537309646596491,1.5662067663745318
Reacher,171,0.001,2,0.1835772661512942,2.2290754913205477,4.46597869510425,0.6949014613141029,0.6949014613141029,0.4991236285484595,2.6019503319264814,3.2760663353293205,1.8567902544120216,1.6093608789588671
Reacher,172,0.001,2,0.2445735190541164,2.0634895791378347,5.506847734600731,0.981593840363179,0.981593840363179,0.3747133893266156,2.801204174865824,0.9685007154699911,1.880651042888533,1.5357930387864875
Reacher,173,0.001,2,0.2775911039409816,1.5018394218628939,3.9082430790138876,0.9563972945266005,0.9563972945266005,0.3842748241344886,2.527389850398603,1.8610808600819453,1.959897631637632,1.6578841217114695
Reacher,174,0.001,2,0.7073368621109013,1.057687581492997,533.2387231101153,6.222884211420584,6.222884211420584,0.001983516079485063,1.7750074405362373,48.77425848368625,1.9992140817906876,1.013719958591646
Reacher,175,0.001,2,0.8913080994307331,83463.85677922048,1.830271229460169,-10.727704795496942,10.727704795496942,45601.90611958524,8.229336716341388,74.49590497955481,1.0001477638198026,1.9145440185172737
Reacher,176,0.001,2,0.25327313484517744,2.2102672464525024,6.519301091114968,1.0816537413632294,1.0816537413632294,0.33903438659472773,2.7370082968967346,1.5710862787106343,1.8594784061312244,1.4799870532610817
Reacher,177,0.001,2,0.4639153432653127,1.1099242504181346,5.735748376980516,1.6424264648735267,1.6424264648735267,0.19350992712173937,2.5610156787927987,12.3123099445026,1.9972863418663125,1.5220091316210729
Reacher,178,0.001,2,0.1885190501376464,1.2630257863641852,2.154599134074713,0.534094429664788,0.534094429664788,0.5861998950939838,2.351783084936448,13.060927722403877,1.9865063180492881,1.867471733446149
Reacher,179,0.001,2,0.2570934408883703,1174.5829782355854,5.764665054491653,-5.316921399236938,5.316921399236938,203.75563317774825,2.5266880168256183,7.330272130482362,1.0068875191235869,1.5203205028269986
Reacher,180,0.001,2,0.2385600983071171,2.213398392070337,6.016652540009938,1.0000019797913182,1.0000019797913182,0.3678787128476395,2.594496554833743,0.18753111320098287,1.8590304257325456,1.5060771716026566
Reacher,181,0.001,2,0.3754766494165279,1.16092433717375,4.060717067850037,1.2521430455165334,1.2521430455165334,0.2858914614773706,2.407509729189146,3.6159618127051467,1.9944567570181102,1.643877662456726
Reacher,182,0.001,2,0.20354102798905194,2.170039295092933,4.823902232776379,0.7988379166559372,0.7988379166559372,0.44985142533537104,2.5897139554384414,0.8327146425668789,1.8652494902943986,1.5818282448131777
Reacher,183,0.001,2,0.2937465022005938,1.0919787301928323,2.5683385962649576,0.8552678299764598,0.8552678299764598,0.4251693027472537,2.453427231053874,27.168652644917195,1.9980671846640023,1.8097381568061894
Reacher,184,0.001,2,0.1295210867287111,1.0962129462935106,1.5485350624177954,0.3454478992852966,0.3454478992852966,0.7079032131064217,2.480049566692553,20.56617104008102,1.99789370096348,1.9538500128215968
Reacher,185,0.001,2,0.20817478845107001,2.2357488385583957,4.974783846022978,0.7998056988734108,0.7998056988734108,0.44941627772345005,2.693339806046531,4.545750240167334,1.8558381124587238,1.5709672451660157
Reacher,186,0.001,2,0.22569586474278538,2.2349686967429743,5.647259042836081,0.9269430802494184,0.9269430802494184,0.39576167478596164,2.7210776000956747,1.8847219060951788,1.8559493764839912,1.5272488704126632
Reacher,187,0.001,2,0.2550263384832177,2.2060048430747656,6.592664110111831,1.0947744161529065,1.0947744161529065,0.3346150821928262,2.640356472809911,0.7225242405792399,1.8600885299519443,1.4764153157058408
Reacher,188,0.001,2,0.4147541148892846,1.3808033762721639,2.4895670498758014,0.5894433333060363,0.5894433333060363,0.5546359461742751,1.8820230251783883,88.08637352184999,1.9744709384834096,1.820389555858122
Reacher,189,0.001,2,0.24232854229531736,2.1584940244311652,5.85484025333191,0.9978579452541932,0.9978579452541932,0.36866830366597886,2.562972432292927,1.6477721482067527,1.8669107991335663,1.5151274360870466
Reacher,190,0.001,2,0.17653920007539217,1.1420931928691378,1.9097292606322867,0.5140987707826976,0.5140987707826976,0.598039322333578,2.3883887552597027,8.132400832930877,1.9956014375962614,1.903021273044406
Reacher,191,0.001,2,0.08761930645228945,2.191808007310437,2.3952199010415867,0.08874826602290493,0.08874826602290493,0.915075900278428,2.5821602274197386,8.669381411774152,1.8621230515764513,1.8333769664121695
Reacher,192,0.001,2,0.12976590657674103,1.9046714668326923,2.086147830960164,0.09100968686672926,0.09100968686672926,0.9130088666612154,2.5837325344287323,15.683254361441016,1.9037566946949553,1.877364343924058
Reacher,193,0.001,2,0.8411038830629659,36.12008215099148,1.7622952042280255,-3.0202319501665746,3.0202319501665746,20.496045193979803,2.9237537286350213,74.07958680401734,1.1319449858671053,1.9243155012375863
Reacher,194,0.001,2,0.2599962217307456,1.85086956128727,1.7418649041633638,-0.060699238509558065,0.060699238509558065,1.0625792831943315,2.667592384912638,40.17203998469689,1.9115646613142208,1.9272286505346836
Reacher,195,0.001,2,0.2818739141487088,2.1101717433503864,7.182148841985984,1.2248292807695955,1.2248292807695955,0.29380785469309334,2.770719842047511,0.17877038936999368,1.8738855468727675,1.4496463220453693
Reacher,196,0.001,2,0.29277899525164364,1.7257905857134714,5.249441802252816,1.1124364915207339,1.1124364915207339,0.32875697087885464,2.63092147775756,1.1436079243066886,1.9295110764302064,1.552231508284669
Reacher,197,0.001,2,0.239562822958414,1.2859041726141551,2.439746724481875,0.6404321252886642,0.6404321252886642,0.5270646168762623,2.379435811424277,21.706698988079864,1.984377119500827,1.8272174227187161
Reacher,198,0.001,2,0.0688630165903371,1172.5711455539138,120.06998654646792,-2.2788793829951546,2.2788793829951546,9.765730631610595,2.461297254591874,2.7839773668247663,1.0068978967318822,1.0490048734433854
Reacher,199,0.001,2,0.2925344317043464,1.2290897819644422,2.7323594932309545,0.7988916383786957,0.7988916383786957,0.4498272591909459,2.4321984773517173,27.456010850807242,1.9894470202484253,1.7881581015835333
Reacher,200,0.001,2,0.973887854520671,371669.24741491914,2.212207531060763,-12.031768718090312,12.031768718090312,168008.3094359154,9.660702778395306,89.28867432354261,1.0000371996903568,1.8592007715582415
Reacher,201,0.001,2,0.2823793937937906,1.1252887727302872,2.3536303337056093,0.7379192694088558,0.7379192694088558,0.47810769457521685,2.414405554913939,40.821116682454054,1.9965257365038827,1.839176713678884
Reacher,202,0.001,2,0.2451407476946402,1.3242108968610995,2.8733853899730812,0.7746741805140585,0.7746741805140585,0.460853911724492,2.5333450890886255,4.605391442884958,1.9805730996326611,1.7702774472253322
Reacher,203,0.001,2,0.2438189319715599,2.1689766585928347,5.981464188463074,1.0144099151424966,1.0144099151424966,0.3626163411253573,2.670165941558435,0.5981119003604572,1.8654023093074361,1.5080166767172303
Reacher,204,0.001,2,0.3204229459546157,1.9248491068985414,7.670198072988696,1.3824948607842809,1.3824948607842809,0.25095168189685657,2.6789735750490444,0.28005912653081255,1.9008219109537152,1.4297955006852914
Reacher,205,0.001,2,0.5377097144258038,1175.7287811942767,1.9494060296605216,-6.402118747622123,6.402118747622123,603.1215474382335,2.814829508038549,17.84758399492883,1.0068816235302558,1.8972476553965478
Reacher,206,0.001,2,0.21499960612370464,2.2158250455352517,5.153210513710298,0.8439951059650389,0.8439951059650389,0.4299892347964383,2.662600780236449,3.7237540676067526,1.8586833646876342,1.5586495979282995
Reacher,207,0.001,2,0.21598709737036306,2.0485035199155313,4.5896463867566455,0.8066934448898633,0.8066934448898633,0.44633144850253753,2.650672204642155,4.021188975440654,1.8828273986090902,1.5995538380261485
Reacher,208,0.001,2,0.11826321739288588,1.2603092886086555,1.7810610791942536,0.3458521406157712,0.3458521406157712,0.7076171072015203,2.4191628223978476,3.638165825229433,1.9867515447540187,1.9216289735598422
Reacher,209,0.001,2,0.2246266699578725,1.091777501091033,2.023818188990122,0.617178816833938,0.617178816833938,0.5394642201707981,2.3715355005751153,29.106956350702866,1.998075260996235,1.886415944450834
Reacher,210,0.001,2,0.27662420110026487,1.9282417334138495,5.816656339348314,1.1041170157782838,1.1041170157782838,0.33150346537919856,2.551381371382651,2.1406282312312532,1.9003282435966014,1.5173130039669331
Reacher,211,0.001,2,0.33936423882408284,1.6167567818386093,5.886855545733729,1.2922998358334337,1.2922998358334337,0.27463843290842954,2.6722985404196997,5.323298912649811,1.9447005893074616,1.5133098350795635
Reacher,212,0.001,2,0.14568082699817186,1.8257729315900915,2.929726924397359,0.4729057972888488,0.4729057972888488,0.6231887744847245,2.6430677588948424,4.0847475849921535,1.91519372108026,1.7633113769523483
Reacher,213,0.001,2,0.2606044409588467,1.6022611197501941,1.4810638663382008,-0.07865517331311846,0.07865517331311846,1.0818312134720043,2.4297173828999554,59.92509214846401,1.9466717779123839,1.9625214706138983
Reacher,214,0.001,2,0.2332523273910285,1.8623230855902977,1.7588119780084763,-0.0571861105260758,0.0571861105260758,1.0588528557208419,2.702692384349071,34.83075010375523,1.9099052609766254,1.924813080409211
Reacher,215,0.001,2,0.22513922104185835,2.1969839642831865,5.505884488017505,0.9187319327476304,0.9187319327476304,0.39902471057365957,2.6887659364315675,0.6646254986831269,1.861380877401515,1.5358527079830666
Reacher,216,0.001,2,0.3150458716018253,1.7351611129340756,5.989259668208496,1.2388675402976674,1.2388675402976674,0.2897121195369871,2.6359618844962416,1.3483694292568826,1.9281816098092612,1.5075856594312407
Reacher,217,0.001,2,0.6572068563491625,1.1253983999428687,14.440547661284562,2.5519029531786956,2.5519029531786956,0.07793322153287077,1.7990964647440815,88.90966199828507,1.9965200145863329,1.2710977248181343
Reacher,218,0.001,2,0.3881824968193149,1.2195159268557707,4.440678681648636,1.2923532222490925,1.2923532222490925,0.2746237713382622,2.553962406154424,14.997228185566795,1.9902262229700436,1.6114072104163268
Reacher,219,0.001,2,0.20983396971943283,2.0184134133550695,4.44910685203887,0.790391604765517,0.790391604765517,0.45366710229269974,2.554446553834909,1.6411893700598792,1.8872021198129545,1.6107239992658213
Reacher,220,0.001,2,0.2653177461445171,2.1050191217362566,6.412160513302568,1.1138717166468288,1.1138717166468288,0.32828546905044204,2.740860386435162,1.47947287137976,1.8746311091662757,1.4853067544984289
Reacher,221,0.001,2,0.30263402512819143,2.0006508854115714,7.325926500860601,1.2979470613429944,1.2979470613429944,0.27309185878080383,2.8363590948984783,2.1569782250617537,1.889786838000422,1.4435966227825665
Reacher,222,0.001,2,0.24274633144418198,2.035065800829602,5.335730464006506,0.9638976416632935,0.9638976416632935,0.38140341131502864,2.730347346224647,0.042235490106921916,1.8847803599701303,1.5466051504814944
Reacher,223,0.001,2,0.2619074427083593,2.017388490109139,5.808353126151672,1.0574932273184137,1.0574932273184137,0.3473253857493615,2.732836327280631,1.8379710702728262,1.887351223997329,1.5177908974834844
Reacher,224,0.001,2,0.19762704558561178,2.1150197003871463,4.391228074078543,0.7305448044333074,0.7305448044333074,0.48164651544111897,2.515135657876383,4.111538071653482,1.873184368442397,1.6154470881303844
Reacher,225,0.001,2,1.1093844919166536,131487.54156328648,4.34416661633666,-10.317833447741785,10.317833447741785,30267.61014847239,7.723615374610605,74.37496339354774,1.0000972502453758,1.61934176028975
Reacher,226,0.001,2,0.18271784731845,1.2023234096686022,1.9445741493075739,0.4807871471792988,0.4807871471792988,0.6182965098537008,2.252003691945185,20.434351789220475,1.9915661610289472,1.8979510508475914
Reacher,227,0.001,2,0.22612539474211962,1.5848854524736629,3.3137198223448734,0.737559236795693,0.737559236795693,0.47827985992857935,2.6235955494824426,6.440652286624301,1.9490162964986926,1.7185214860826308
Reacher,228,0.001,2,0.3602815807335169,1.3756221590160707,4.963751573896837,1.2832557124763906,1.2832557124763906,0.2771335628982992,2.599674608456102,4.876522675529897,1.9750512488692953,1.5717472678185356
Reacher,229,0.001,2,0.18381372729230616,2.02244311587479,3.975463198767165,0.6758350254032526,0.6758350254032526,0.5087314395218077,2.5933248184353372,0.662354732976745,1.8866159368443294,1.6516366197130385
Reacher,230,0.001,2,0.039194700557347126,1162.3228578820765,53.66937493933253,-3.075333205782846,3.075333205782846,21.657096979347305,2.3092356732104133,1.2589681684003626,1.006951279443494,1.0956134192173614
Reacher,231,0.001,2,0.14059446027272723,1.1471327247293701,1.6496297254788752,0.3632853078030666,0.3632853078030666,0.6953880055697748,2.3737348969477963,20.610718355696584,1.9953061302237938,1.940183509443785
Reacher,232,0.001,2,0.3088065100503801,2.0101386585909884,7.767833794480311,1.3517876305156677,1.3517876305156677,0.2587772488154108,2.747228671743527,1.056659718314805,1.8884060586838467,1.4260474569624824
Reacher,233,0.001,2,0.10965419501836908,2.238218129094035,2.9343532398457897,0.27080699656263724,0.27080699656263724,0.7627636982150319,2.4231597323609604,7.289270563937795,1.8554860212628659,1.762743924792047
Reacher,234,0.001,2,0.2819405436115567,2.032839543624335,6.6485555270780905,1.1849660114790879,1.1849660114790879,0.30575657153573144,2.8154628293731667,1.4090041531290427,1.8851040299793502,1.473731920675138
Reacher,235,0.001,2,0.48268873576517596,2.1978839658419695,1.8931651153414362,-0.14924497121037106,0.14924497121037106,1.1609573555054529,2.6539680661503278,87.43734127749084,1.8612518757748056,1.9054290278686812
Reacher,236,0.001,2,0.20839153324858495,1.1165089734570166,2.0639046883691052,0.6143928390403243,0.6143928390403243,0.5409692510264514,2.5146658533580855,7.994141081906534,1.9969705140624165,1.880590775624354
Reacher,237,0.001,2,0.2466468897222216,1.944651701259375,5.052293287616244,0.9547593694351635,0.9547593694351635,0.384904753258474,2.6631798140857645,0.4229398634049213,1.8979397655353976,1.5655482443186433
Reacher,238,0.001,2,0.25717136337643465,2.0051163326656947,5.625200722311134,1.0315545510652386,1.0315545510652386,0.3564524061715411,2.6125893105537537,0.32461125203445435,1.8891369281736168,1.5285722520838618
Reacher,239,0.001,2,0.23556312523501913,1.9814234222243108,4.902115922285063,0.9058514462484558,0.9058514462484558,0.40419758602948214,2.543283830072233,1.7187806996067194,1.8925858855080333,1.5761457525081788
Reacher,240,0.001,2,0.3162367521868418,1.8618887109143962,6.921301581509632,1.3130124332622128,1.3130124332622128,0.26900846451893695,2.741491043777447,1.6846346217328383,1.909968225884498,1.4610856129299032
Reacher,241,0.001,2,0.3072174611986903,1.4754778342691743,4.355411770233895,1.082437264212917,1.082437264212917,0.33876884944679714,2.4785010659382793,0.036624940048476405,1.963219275043648,1.6184066731785298
Reacher,242,0.001,2,0.10862879468031814,1.8664655835317587,2.372184728272969,0.23976477663918733,0.23976477663918733,0.7868129160795201,2.58231679257744,9.22770660775142,1.9093046634597957,1.8365838415709135
Reacher,243,0.001,2,0.2217807555477925,1.9138451537876082,4.3195112426660875,0.8140278697129867,0.8140278697129867,0.44306983968083047,2.5542053286104585,2.9137573814879327,1.902422712109077,1.6214019471991596
Reacher,244,0.001,2,0.3818005279854882,1.3253522287422024,5.2473004406759225,1.3760354854566144,1.3760354854566144,0.25257791958477593,2.5790869145672355,0.09614127944335704,1.980455470661652,1.5523726383235605
Reacher,245,0.001,2,0.4490443978447305,1.293879356882995,5.976927475958068,1.5302616768852813,1.5302616768852813,0.21647901235000233,2.529435183911743,24.066598173503557,1.9836089965937829,1.5082678747967082
Reacher,246,0.001,2,0.046287834369243046,9.153563347354247,12.386879947579594,0.30249460337163336,0.30249460337163336,0.7389724762080108,2.382884589021434,1.5587971786406807,1.3795358574070709,1.3042525957563949
Reacher,247,0.001,2,0.2239322356227204,1.7177918094934492,1.7327409777172607,0.008664900569379323,0.008664900569379323,0.9913725314885173,2.637550646424929,36.51091276609596,1.9306434214920234,1.9285252716791745
Reacher,248,0.001,2,0.22960620888257327,1.47931055561907,3.126765340745382,0.7484228942852776,0.7484228942852776,0.47311211248952273,2.4534189993664555,3.7795162988180993,1.9627408562382107,1.7397475753729263
Reacher,249,0.001,2,0.33983140093161196,1.1625682800863157,2.4458383598209488,0.7437563592940682,0.7437563592940682,0.47532506611410874,1.9228844202320123,70.6727636891254,1.9943515700791428,1.8263789132474404
Reacher,250,0.001,2,0.572570083706915,245626.0804980051,1.6795489492567914,-11.893040385788032,11.893040385788032,146245.26460315182,9.658020227869507,18.16393852452437,1.0000546028305204,1.9360219880860998
Reacher,251,0.001,2,0.29573096712671604,1.9379918445105258,6.613465424865928,1.2274554812463656,1.2274554812463656,0.29303726866460694,2.6384541189202797,0.7287088463971426,1.8989092207161808,1.4754128626538567
Reacher,252,0.001,2,0.26901594864838746,1.9844399130573616,5.89265061372938,1.0883692010882786,1.0883692010882786,0.3367652425266456,2.6231248516974457,1.1164436263215336,1.8921467056572965,1.5129822591645494
Reacher,253,0.001,2,0.2074867149022682,1.3546077865408837,2.5829402663687326,0.6454164321626931,0.6454164321626931,0.5244441012355583,2.3528130045189655,4.0160478364345655,1.977361720772999,1.8077837663370326
Reacher,254,0.001,2,0.14795946652329794,2.27843958067435,3.5579382758568037,0.44569042688414484,0.44569042688414484,0.6403819864260204,2.609040067249526,7.383580410861225,1.8497685581644927,1.692394325064844
Reacher,255,0.001,2,0.1584317081925556,1.1909913607424891,1.529307227367146,0.25002880373013037,0.25002880373013037,0.7787783510268887,2.2780585143395915,44.06434452786475,1.9924059815573654,1.9563638986809426
Reacher,256,0.001,2,0.24838396932413478,1.3131628737289882,2.5246570738356753,0.6536666065205204,0.6536666065205204,0.5201351452195124,2.3169914446504363,22.7632753009464,1.981699289271025,1.8156224566706403
Reacher,257,0.001,2,0.4089328518939539,1.3669514607196163,4.339440941737347,1.1551624753217917,1.1551624753217917,0.3150063519869776,2.452994771059077,32.69709492016038,1.9760130972952556,1.619735581831499
Reacher,258,0.001,2,0.210013624773913,2.168056339256025,4.971919330410191,0.829974878758671,0.829974878758671,0.43606024055848003,2.6033407900473513,1.0943505954478492,1.8655346763191891,1.571169593150755
Reacher,259,0.001,2,0.35866451968228125,1.572411028327179,6.134331613448847,1.3612909975330492,1.3612909975330492,0.25632964231666916,2.64389559011091,7.222993156641444,1.9506863798279832,1.4997029737608722
Reacher,260,0.001,2,0.16917019712895906,1.9307523563688185,1.8175483184617394,-0.06042123371317545,0.06042123371317545,1.0622839221148674,2.6287648425653374,23.04548629504094,1.8999628853330444,1.9163806422921121
Reacher,261,0.001,2,0.2636384783430156,2.1994966720445697,6.902234989956055,1.143616721988411,1.143616721988411,0.31866441453315014,2.6945752423948885,1.3508750755985548,1.8610207549317639,1.4619462162536425
Reacher,262,0.001,2,0.15365046454017722,1.322040302055116,2.0353397494782213,0.4314865313856542,0.4314865313856542,0.6495428109208959,2.3674166867719464,10.469881082083827,1.9807961491694008,1.884740538159136
Reacher,263,0.001,2,0.5275294292517022,1.2770577732234123,4.372533379654781,1.230783744486861,1.230783744486861,0.2920635847322538,1.883523770826909,82.62035696892832,1.9852137223888755,1.6169883305552257
Reacher,264,0.001,2,0.21048387153139042,2.1728519508899193,4.888183477733004,0.8107801897783988,0.8107801897783988,0.44451112786331504,2.7506529391632726,3.7197313409815993,1.8648450878388347,1.5771496589508975
Reacher,265,0.001,2,0.41696746769957466,1.6801925760273886,9.465840797688665,1.7287811975791292,1.7287811975791292,0.17750061636760803,2.1241948359835985,12.680565298479525,1.9359319999098792,1.3705216422350996
Reacher,266,0.001,2,0.29507708797202004,2.1230713572570097,7.914755543017324,1.3158650139008043,1.3158650139008043,0.2682421896314989,2.761171543727374,1.7537921123824705,1.8720204917584768,1.420538098618267
Reacher,267,0.001,2,0.2701548242010172,2.1054071819144946,6.629245255900014,1.1469820759783673,1.1469820759783673,0.31759379848568536,2.697811547152729,0.6330317695232294,1.8745749472810098,1.4746553575443144
Reacher,268,0.001,2,0.24461451505421472,1.2713167259496858,1.8976243862801838,0.40054962539683336,0.40054962539683336,0.6699517223436315,2.3277855479405463,48.664150065542096,1.9857477562913628,1.9047810386594495
Reacher,269,0.001,2,0.2049031788323475,1.7413329933663064,3.5440137947962795,0.7106090170998757,0.7106090170998757,0.4913448688950161,2.6313334078092656,1.0396823861216211,1.9273043078323666,1.6938367799233893
Reacher,270,0.001,2,0.30604426925651085,1.5211406846226194,4.547922297591499,1.095209986959355,1.095209986959355,0.3344693653689267,2.6578497801395455,0.28920166554134585,1.9574218362451394,1.6028267972953232
Reacher,271,0.001,2,0.32737545507883625,1.1925448400550778,3.4468728819426824,1.0613778641765166,1.0613778641765166,0.34597877000411775,2.4147415374263126,2.9442846244426595,1.9922929486335879,1.7040569560142935
Reacher,272,0.001,2,0.3848139862886939,1.3775426146122662,4.542079686387472,1.1930837901043376,1.1930837901043376,0.30328455459307235,2.4559027504447615,23.67308030932899,1.9748366314026364,1.6032879939400217
Reacher,273,0.001,2,0.32130599663048914,1.3625271472179936,3.1681671377846983,0.8438120587791914,0.8438120587791914,0.4300679503199203,2.341644916953686,28.348860581358803,1.976499314435523,1.7349529786868167
Reacher,274,0.001,2,0.573524903598067,1.2532272972603256,5.8721034053701215,1.5444908391586212,1.5444908391586212,0.21342050892942918,1.8420496782405151,76.7436634175062,1.9873830195144158,1.514145702139634
Reacher,275,0.001,2,0.8352875160491988,122888.83413513836,1.641291975695065,-11.223551716422806,11.223551716422806,74873.23154863814,8.66677468766971,66.93285494467554,1.0001035048816396,1.9413350229653399
Reacher,276,0.001,2,0.19184342305452193,1.3610458357703108,1.8342119806599557,0.29836154982775354,0.29836154982775354,0.7420330093365772,2.5165527527327796,33.07096688327422,1.9766614032637584,1.9139745712882972
Reacher,277,0.001,2,0.36377621393371734,1.4076995565284485,5.050759752944351,1.2775818262799599,1.2775818262799599,0.2787104565224721,2.5976791955645613,10.313693587933418,1.971394733563066,1.5656544362110345
Reacher,278,0.001,2,0.371017737109949,1.4926098038048692,6.08391300410143,1.4051219411992115,1.4051219411992115,0.2453371379240032,2.5599371033200793,5.313172395457853,1.9610687279392949,1.5024130633541262
Reacher,279,0.001,2,0.14675746587208577,1.3807933920427318,2.103314052889324,0.4208559654943604,0.4208559654943604,0.6564846510419757,2.468085979161281,8.372497751867693,1.9744720606771227,1.874877904187239
Reacher,280,0.001,2,0.28956598901755537,1.7991676253384685,5.555702510647161,1.1275007520778646,1.1275007520778646,0.323841606329798,2.5667740970779245,0.5458738733284819,1.9190282931623344,1.532787524168311
Reacher,281,0.001,2,0.2865053852001743,1.8934274730825884,5.96732171379828,1.1479095380607776,1.1479095380607776,0.3172993788326181,2.731420627867066,1.7480259578785915,1.9053908849976182,1.5088006105038494
Reacher,282,0.001,2,0.3152154384350125,1.2653102050350873,2.7735950930631095,0.7848270327397694,0.7848270327397694,0.4561986023842078,2.274558839455061,35.48509503997359,1.9862988224564797,1.7828644814068593
Reacher,283,0.001,2,0.10734580846167385,1.7484766146055193,1.84316845553986,0.052741174522673705,0.052741174522673705,0.9486255091607426,2.5711806335226344,15.288104837684244,1.9262873111052572,1.9126793562884365
Reacher,284,0.001,2,0.15084199041608737,1.215592888952108,1.620176495276083,0.2873031587933299,0.2873031587933299,0.7502842390914745,2.1939603003685155,32.14345161279909,1.9905387809071358,1.9442336516723915
Reacher,285,0.001,2,0.054818089936776976,2.0642463818955403,2.241271949874813,0.08227832790675635,0.08227832790675635,0.921015578681043,2.5745755639216807,5.415809296042494,1.880541186426235,1.8550507511018373
Reacher,286,0.001,2,0.22547200597394254,1.876780534663704,4.313216688337022,0.83212612984228,0.83212612984228,0.43512317378779886,2.7256935783067364,0.4192767012210659,1.9078082600671815,1.62193013595336
Reacher,287,0.001,2,0.24783460488702375,2.1844606562451268,6.200634912891201,1.0432827332823622,1.0432827332823622,0.3522962869017824,2.661809144294375,0.6453324759264759,1.8631773839872383,1.4961857003372152
Reacher,288,0.001,2,0.2767572185590056,1.6084884861896187,4.327553148037066,0.9897073798899177,0.9897073798899177,0.3716854377442395,2.5435598273587425,0.5677726575458079,1.9458265961763381,1.6207284787132237
Reacher,289,0.001,2,0.2605734792108883,1.9741546153386966,3.5863864004234265,0.5970048580163613,0.5970048580163613,0.5504578689863474,2.546759688311468,19.20137200353776,1.8936442200654893,1.689464602559476
Reacher,290,0.001,2,0.2484009922247454,1.8462399542257297,4.685897068419375,0.9314062604071269,0.9314062604071269,0.39399925505587235,2.5332799160400787,1.0347004125074488,1.9122348758557208,1.5921393468151563
Reacher,291,0.001,2,0.21145098725850828,2.2160235070485856,4.946536477657029,0.8029732534891556,0.8029732534891556,0.44799497932707555,2.6852461449019787,5.083503806373866,1.8586549855280357,1.5729688195772935
Reacher,292,0.001,2,0.24179790928547112,2.025537326608841,5.248209392631674,0.9520519385225774,0.9520519385225774,0.3859482682708189,2.5614566699073724,1.5643333252213187,1.8861658943595692,1.552312761398315
Reacher,293,0.001,2,0.13878662207929265,1.9334924277945829,3.119271605446691,0.4782715990354988,0.4782715990354988,0.6198538224175255,2.481168309487512,0.17397247962141196,1.8995641071081721,1.7406212164293988
Reacher,294,0.001,2,0.33818578652429426,1.9463840909571652,8.863464803022637,1.5159644105810959,1.5159644105810959,0.21959630169608224,2.852578053170017,2.616789541593475,1.8976875671747373,1.3883470879841107
Reacher,295,0.001,2,0.18755185227511972,1.093276932302473,1.840476602377154,0.5208450150226731,0.5208450150226731,0.5940183813749111,2.51228913082812,21.657431975912605,1.9980147129531982,1.9130687743088977
Reacher,296,0.001,2,0.17019669654480518,1.265244217837065,2.07299205497133,0.4937278396977485,0.4937278396977485,0.6103468726775046,2.420540252882049,9.082010488885345,1.9863048323665187,1.879272054104043
Reacher,297,0.001,2,0.19328691469742842,2.171972185414732,4.457289069553882,0.7189051532774505,0.7189051532774505,0.4872854669109712,2.64767604437068,4.191765449455199,1.864971566224808,1.610062184896758
Reacher,298,0.001,2,0.21269798990446792,1.251903099320992,2.3538515780788347,0.6313880829325658,0.6313880829325658,0.5318530322726506,2.308507851384797,9.890264921733039,1.9874998209846877,1.839145740123459
Reacher,299,0.001,2,0.29922701548059827,2.1434521104392306,8.384989353032331,1.3640254604636308,1.3640254604636308,0.25562967586405777,2.765689508859295,0.2872712846144441,1.8690783587070068,1.4038908780291819
Reacher,300,0.001,2,1.197300211054082,52690.61432758082,6.852013904381596,-8.947650012713531,8.947650012713531,7689.799679753602,7.661843673934397,75.82195847841594,1.0002253402150474,1.4642295733026174
Reacher,301,0.001,2,0.17751903971138813,1.1542726467849804,1.8213705449624233,0.4561188618149532,0.4561188618149532,0.6337385053126541,2.3698936252747176,24.951490185940845,1.9948738516223894,1.9158291911910243
Reacher,302,0.001,2,0.1473474211570685,2.085305146873955,2.773083469779118,0.28504466911572496,0.28504466911572496,0.7519806632578767,2.6291073073817737,12.18551310889751,1.8774864976167636,1.7829298240439764
Reacher,303,0.001,2,0.2900269177272459,1.9029873569777735,6.138341778155238,1.171129692419751,1.171129692419751,0.31001652005595565,2.6177006839098254,2.044300009220813,1.9040015243029427,1.4994887409226267
Reacher,304,0.001,2,0.15992198154047654,1.0907231273814764,1.7191486117569519,0.4549882792196667,0.4549882792196667,0.6344554042170727,2.418317518627277,12.855935725390772,1.9981173271275416,1.9304515178636645
Reacher,305,0.001,2,0.07726518381073386,1.9073471716595085,2.4292968530824286,0.24188849334805362,0.24188849334805362,0.7851437214185492,2.5200158941312,2.483918236445696,1.9033676685910332,1.828658270741377
Reacher,306,0.001,2,0.3388630359147423,1.3410491848519381,4.3281590823708855,1.171690016055003,1.171690016055003,0.3098428591301538,2.5312421559350713,1.53079199047538,1.9788139923808303,1.6206778174275447
Reacher,307,0.001,2,0.08467122980192571,1.9872506651737518,1.9288211280279497,-0.02984310639141686,0.02984310639141686,1.0302928749051714,2.6646853868438383,10.59017642057998,1.891737493925661,1.9002439042330463
Reacher,308,0.001,2,0.22083230823921857,1.2844477408002897,2.4382764803088492,0.6409625769140848,0.6409625769140848,0.5267851087328671,2.537180674161127,13.416309424470324,1.9845159814089426,1.8274199468557537
Reacher,309,0.001,2,0.1254258106909536,1.64807338875058,2.27534122389323,0.3225230671756496,0.3225230671756496,0.7243192236154535,2.4754371767423975,9.57280862430595,1.9403987346561422,1.8502077696888504
Reacher,310,0.001,2,0.23273570817574626,1.661690234105497,2.077172199902191,0.2231721517931997,0.2231721517931997,0.7999771199439999,2.514024130553271,32.05313718130764,1.938511362124365,1.878665725089758
Reacher,311,0.001,2,0.30271130542950175,1.3779581970783237,3.8425159051130433,1.0255244994897699,1.0255244994897699,0.3586083261866903,2.6155372249340645,0.6089735388403044,1.9747901141820683,1.664106050141485
Reacher,312,0.001,2,0.27777570202480384,1.9999665940969487,6.30306309068149,1.1479052426393512,1.1479052426393512,0.3173007417700957,2.7609401937138514,0.21724569908050648,1.8898864371330053,1.4908539192668269
Reacher,313,0.001,2,0.18292514630840492,1.7772527914492071,3.310717394431665,0.6220961049003858,0.6220961049003858,0.5368180305689606,2.6755769667505356,2.6646636046068584,1.9221749644576882,1.7188538249337932
Reacher,314,0.001,2,0.13816993769287786,1.8763840554375864,2.913473621785563,0.4399995037567586,0.4399995037567586,0.6440367406819418,2.508270114830804,4.832628375366907,1.9078658001991984,1.7653105228484978
Reacher,315,0.001,2,0.31061463646331466,1.6174089978951807,5.129687827490364,1.1542193201410766,1.1542193201410766,0.3153035920095118,2.6421576057425153,2.556403497452728,1.944611586310096,1.56024202444899
Reacher,316,0.001,2,0.21325738474899558,1.4046490896805284,2.741712053507228,0.6687950489605959,0.6687950489605959,0.5123255331951019,2.5001649008418068,5.251837036774162,1.9717488257768387,1.7869527639610452
Reacher,317,0.001,2,0.4568917609883864,1.078141052220254,4.439736519571359,1.4153567221017833,1.4153567221017833,0.24283897196772042,2.5444922962011107,54.98358818157243,1.9985862998115604,1.6114836987666477
Reacher,318,0.001,2,0.2708181197694187,1.2110572902117243,2.816352731677576,0.8439489186434216,0.8439489186434216,0.43000909530616616,2.422275669299605,5.894853289842286,1.9908951721117274,1.777432382331812
Reacher,319,0.001,2,0.45187586288354364,1.211026006708471,4.2371877830798415,1.2524318507433234,1.2524318507433234,0.28580890645073675,2.3918620038495986,49.19293622123612,1.9908976115821324,1.6283809839764427
Reacher,320,0.001,2,0.14210656085165557,1.7235850778438964,2.7497806407412857,0.4671146723233816,0.4671146723233816,0.6268082087374258,2.4208609714819826,0.1397276839763295,1.929823533700568,1.7859151162512996
Reacher,321,0.001,2,0.1689857127103555,2.0294284439302412,3.5795109188398966,0.5674719775352004,0.5674719775352004,0.5669569083443304,2.6197079858199026,5.555993916726719,1.8856000213158708,1.6901705232497322
Reacher,322,0.001,2,0.23552308998478189,2.194349804576002,5.76006696244838,0.9650633140130339,0.9650633140130339,0.380959078927664,2.58891035536276,2.419565481979057,1.861758527189368,1.5205882504626442
Reacher,323,0.001,2,0.35475488745610567,1.428171445643789,5.209532884617102,1.2940952775972638,1.2940952775972638,0.27414577799498024,2.571623737082082,0.9074400518826936,1.9689857995566429,1.554874562997876
Reacher,324,0.001,2,0.48173343404719926,2.0818996816517625,2.0621456597014274,-0.009533762276949713,0.009533762276949713,1.0095793533581887,2.543746852792462,77.46358545104245,1.8779801801162057,1.8808461457576489
Reacher,325,0.001,2,1.213029436103598,69367.72583113312,8.19965063838556,-9.043085444379066,9.043085444379066,8459.839191976967,7.880246909959461,74.10906023001004,1.000175125716469,1.4102799918735998
Reacher,326,0.001,2,0.11236934738722146,1.674429481409673,2.277668317820309,0.3076797529190693,0.3076797529190693,0.7351507101842091,2.4407651407497823,7.278227197904565,1.9367371730700345,1.8498778917760854
Reacher,327,0.001,2,0.20671007326564694,2.021882308599274,4.412617419462122,0.7804391190845721,0.7804391190845721,0.4582047606669087,2.549658847812681,0.012202728188916002,1.886697509925875,1.6136931568777038
Reacher,328,0.001,2,0.17924350222757712,1.9576050633644393,3.6011438426695817,0.6095297094108202,0.6095297094108202,0.5436064619716044,2.519863236263347,5.155039102212012,1.8960538937520046,1.6879539057147923
Reacher,329,0.001,2,0.15816763371638629,1.9180390670016345,3.201906958480426,0.5124432119705054,0.5124432119705054,0.5990302316316853,2.4577418229979124,5.554521818491996,1.9018126808997333,1.731085476666826
Reacher,330,0.001,2,0.23910261181507073,1.9455835735207954,4.728495427317441,0.8880450905578238,0.8880450905578238,0.41145933276804697,2.5491580720808016,4.6694025113421045,1.8978041060498,1.5889170336587903
Reacher,331,0.001,2,0.1854808571251609,1.2995642225981128,1.701788980477505,0.26965104431155285,0.26965104431155285,0.763645926437641,2.5290886959161503,38.32162005535995,1.9830536041507087,1.9329015082447427
Reacher,332,0.001,2,0.16214346772206453,2.0193420811771747,3.5691731397916304,0.5695621994882193,0.5695621994882193,0.5657730802308639,2.5966105301038676,3.014455268668514,1.8870670232292073,1.6912345224828678
Reacher,333,0.001,2,0.367732222795211,1.4704290242291365,5.529680326166847,1.3245757952333617,1.3245757952333617,0.26591573789011996,2.5431467241774874,10.382309819207839,1.963847054798731,1.5343840235832897
Reacher,334,0.001,2,0.060145191687067404,98.21189277836646,421.5839777629691,1.4568916773463427,1.4568916773463427,0.23295926306190176,2.4887861311297117,2.427299943390724,1.0579850870957663,1.0168114731965456
Reacher,335,0.001,2,0.3045077357659763,1.9261433956538216,6.908614398389095,1.2772493332787473,1.2772493332787473,0.2788031412062811,2.741421731902532,0.32028848037614266,1.9006335828737237,1.4616578729140801
Reacher,336,0.001,2,0.35148274680885655,1.382983884267732,4.723654429020101,1.2283393435821954,1.2283393435821954,0.2927783784883318,2.615763368011323,7.497440146755073,1.9742254959209307,1.5892814255220753
Reacher,337,0.001,2,0.16835604491181833,1.4893955199677709,1.613200050769426,0.07984946914273716,0.07984946914273716,0.923255314340831,2.520403905360293,33.17064535308548,1.961474548641195,1.945185476940382
Reacher,338,0.001,2,0.3099614195651811,1.488180791600834,4.471497435958257,1.1001689206230798,1.1001689206230798,0.33281485965604984,2.5828129221520135,0.6894364830925498,1.9616276379905402,1.6089163794472958
Reacher,339,0.001,2,0.16420351248860282,1.2895465578918162,1.9741141046089328,0.42582909202315783,0.42582909202315783,0.6532279744525062,2.5288363324391705,16.584328475322213,1.9840279208972638,1.893650156194309
Reacher,340,0.001,2,0.26982959701376413,2.0257863736518793,6.136225786940161,1.1082519026328124,1.1082519026328124,0.33013556606137223,2.8089292542733517,1.4952523233846864,1.8861296736171087,1.499601734457056
Reacher,341,0.001,2,0.20340149114543013,1.1907260390510999,2.1800405479462737,0.6047802386758893,0.6047802386758893,0.5461944458660798,2.5054242788187233,7.286855462841737,1.9924252192864482,1.8638120952571047
Reacher,342,0.001,2,0.19518021327997861,1.8924209363579143,3.735223548369932,0.6799507409986241,0.6799507409986241,0.5066419484273639,2.5232492871365633,4.17478993169621,1.9055371230961495,1.6745093755558997
Reacher,343,0.001,2,0.18171400511397504,2.0048049394773804,2.6113985604883845,0.2643391557681762,0.2643391557681762,0.767713121164638,2.6134496769142905,17.42840257499992,1.8891822466190256,1.8039930896631697
Reacher,344,0.001,2,0.15209651027468638,1.4021953073258386,1.468418640177997,0.04614698163595592,0.04614698163595592,0.9549015988763728,2.4524301970556768,36.87748517822398,1.972032714032258,1.9640962446799464
Reacher,345,0.001,2,0.16191116891017102,2.2170283057468674,3.903624050733197,0.5657376672910275,0.5657376672910275,0.5679410406671859,2.6817017081186267,4.963279156922079,1.8585113149445005,1.658317661056893
Reacher,346,0.001,2,0.3502599283673331,1.5293733194400179,5.536298180778417,1.2864680226395853,1.2864680226395853,0.2762447522696446,2.644310519101337,7.690443855413322,1.9563553119691333,1.5339770778709667
Reacher,347,0.001,2,0.32759505989098153,1.491106602587943,4.729036890776496,1.1542030339960576,1.1542030339960576,0.3153087271313519,2.4571229813496256,7.498515076401394,1.9612586470069184,1.5888763269833799
Reacher,348,0.001,2,0.30666733266321705,1.7678203605029958,5.922772656467193,1.209057340382457,1.209057340382457,0.298478510495026,2.6927683475423985,0.1265129229272292,1.9235255466585188,1.5112867600492754
Reacher,349,0.001,2,0.3396792646985347,1.7523393750667766,7.078175772083734,1.3960645342102862,1.3960645342102862,0.2475693499980586,2.701208542600362,2.2358776215880023,1.9257367151605698,1.4541325375305054
Reacher,350,0.001,2,1.1326935965925198,182233.84946374962,5.112320520117143,-10.481392613798157,10.481392613798157,35646.014123459914,9.04279028032148,72.91773944261928,1.0000719594556642,1.5614237719013804
Reacher,351,0.001,2,0.433027284687947,1.1714126602822719,4.349357507814199,1.3118177124021284,1.3118177124021284,0.2693300466051993,2.465805805087292,38.20230852019246,1.9937716086410422,1.618909753518372
Reacher,352,0.001,2,0.20848512915963124,2.1671388549686057,4.791600341636677,0.7934566586221625,0.7934566586221625,0.4522787170159462,2.6012677992375113,4.146814031912903,1.8656666491978422,1.584208705259555
Reacher,353,0.001,2,0.07820802190088055,2.1195285136280697,2.7363263729732656,0.2554226162959321,0.2554226162959321,0.7745890748131081,2.496648074794564,2.253527016792867,1.8725325100602406,1.7876465500392267
Reacher,354,0.001,2,0.21673762289378912,1.6439314050184055,1.8744445561700465,0.13122180750416382,0.13122180750416382,0.8770232224832318,2.7186739622798695,33.4973272316761,1.9409708933066476,1.908147255512673
Reacher,355,0.001,2,0.28629350105337004,1.6830331866201245,4.846017655660463,1.0575596319920904,1.0575596319920904,0.34730232248622384,2.6438377347024917,2.4930025381733016,1.9355345685353749,1.5802098681750643
Reacher,356,0.001,2,0.2215147116456297,2.065747427618543,4.866216587792645,0.8568246424636993,0.8568246424636993,0.4245079088342803,2.8465180168530315,2.0267962546051796,1.8803233118179525,1.5787397668012089
Reacher,357,0.001,2,0.2344823102713663,1.1185137055441177,1.9449334827865112,0.5532270220272439,0.5532270220272439,0.575090981487768,2.374866771458396,48.10104959107687,1.996871317952672,1.8978987499814208
Reacher,358,0.001,2,0.10124594665888953,1.9795921897879645,2.6122607605867443,0.27732517946342883,0.27732517946342883,0.7578080334305236,2.5277302137603224,6.124205732425133,1.8928525065199424,1.8038786353959266
Reacher,359,0.001,2,0.2993841570707287,1.2780292145213359,3.3818742381079328,0.9731108488710295,0.9731108488710295,0.3779056004271639,2.360833532174252,4.42181340505581,1.9851226601151521,1.7110511154910801
Reacher,360,0.001,2,0.3148379792531692,1.2838366139761923,3.250655082752394,0.9290035904651782,0.9290035904651782,0.3949470433784511,2.4235402811325377,21.081630337027466,1.984574117246884,1.7255603047399342
Reacher,361,0.001,2,0.17644169817369798,1.271218362193236,2.097474617814653,0.5007582772176206,0.5007582772176206,0.6060709156603341,2.423608713827659,11.807727349055963,1.9857568441384768,1.8757233534665454
Reacher,362,0.001,2,0.22698214411681963,2.041753605276674,4.802070556784139,0.8552381418665603,0.8552381418665603,0.42518192540760996,2.643555143515358,4.361163268463816,1.8838082334698096,1.583434936102756
Reacher,363,0.001,2,0.2091118906946821,1.1603941858815565,1.853507101391731,0.4683198121337243,0.4683198121337243,0.6260532722050316,2.330397351563605,40.124524532389074,1.9944905018505366,1.911182704699898
Reacher,364,0.001,2,0.2639739575777725,2.1458855164195065,6.562670456540177,1.1178453065528673,1.1178453065528673,0.32698358551296386,2.6936736904347276,2.147751714221991,1.8687274715155304,1.4778687466290088
Reacher,365,0.001,2,0.21046840097529015,2.2606805454568835,5.317925484229837,0.8554173864681555,0.8554173864681555,0.4251057206726326,2.698905492276638,1.2439988413711793,1.8522888245392757,1.547756363286673
Reacher,366,0.001,2,0.1737583945176512,2.28622457518989,4.396565523856931,0.6539218734535919,0.6539218734535919,0.5200023888610846,2.672363760860387,3.5331866217618013,1.848665905115383,1.6150084640554507
Reacher,367,0.001,2,0.25362982895700986,2.1358333907786737,6.074051828622854,1.0451689819683276,1.0451689819683276,0.35163239482316416,2.6937282576707258,2.8585615847866226,1.8701775030634287,1.5029467558542695
Reacher,368,0.001,2,0.2854151810900978,2.09770463822157,7.214131983117936,1.235198160209394,1.235198160209394,0.29077713620023704,2.7586357223527562,1.9120899648511727,1.875690029498685,1.448285331733394
Reacher,369,0.001,2,0.27821710604553435,2.089068577316292,6.872148934102544,1.1907585471906723,1.1907585471906723,0.30399058538289814,2.6845504411685273,0.4271143665030221,1.876941064420236,1.4633112170898925
Reacher,370,0.001,2,0.25083051046998167,2.184610970128714,6.316535012701053,1.061733033338813,1.061733033338813,0.34585591083338885,2.648712420976185,0.3628278098535985,1.8631558048644599,1.4901616391282217
Reacher,371,0.001,2,0.5231724103255851,1.2772079829151868,4.250150983928825,1.2022780757715845,1.2022780757715845,0.30050884962551144,2.0087998351829692,86.16111584104738,1.9851996549614865,1.6272716765719066
Reacher,372,0.001,2,0.20454807886211643,2.1356495633853614,4.6501349296456835,0.7781253907535929,0.7781253907535929,0.4592661494121606,2.7430653084799332,3.303401600844166,1.8702040338975416,1.5948723751790204
Reacher,373,0.001,2,0.19566374295482686,2.2078909882902904,4.7663550857571355,0.7695441238861744,0.7695441238861744,0.4632241930291618,2.731169392904474,0.40142251710227905,1.8598185043523254,1.5860830234486045
Reacher,374,0.001,2,0.23886168979735717,2.132843736877046,5.446461497183026,0.9375099542185554,0.9375099542185554,0.39160172856820485,2.7159605663232202,4.6038231987100735,1.8706090429939588,1.5395573497350163
Reacher,375,0.001,2,1.0888268020246366,43675.77455107778,3.869242638426502,-9.331490082046683,9.331490082046683,11287.938915311688,7.631723145008082,75.16490198344246,1.0002675592124985,1.6615623319304775
Reacher,376,0.001,2,0.14794173097595723,1.9922500477136975,2.146322641985916,0.07449130141533264,0.07449130141533264,0.9282155481854021,2.509469408528849,17.292912843349416,1.8910096843568962,1.868664480876298
Reacher,377,0.001,2,0.3529420392959761,1.5916238252237793,6.238662681763042,1.3660110767802554,1.3660110767802554,0.2551225970072784,2.6645566107306573,4.286813282600053,1.9481095353526618,1.494191953779162
Reacher,378,0.001,2,0.1563010576257187,2.2188919573268064,3.637292642083912,0.4942316722981407,0.4942316722981407,0.6100394374799434,2.5919880833639963,6.985906897311514,1.8582448922774955,1.6842796594834406
Reacher,379,0.001,2,0.42838509959507637,1.4189012666291518,6.800297390114971,1.5670835288515932,1.5670835288515932,0.20865282578548566,2.6586698076246758,16.519742930416257,1.9700835383420299,1.4666062149608476
Reacher,380,0.001,2,0.10583429288192628,1.982499265738349,2.817916355973987,0.3516394268275133,0.3516394268275133,0.703533751644348,2.51546577620671,2.1357216969504957,1.892429248639627,1.7772348211658777
Reacher,381,0.001,2,0.32040447093605967,1.8326381756001149,6.903139526116291,1.3262197571861818,1.3262197571861818,0.2654789416709295,2.677813131563385,0.6602593108220042,1.9142020257938313,1.4619053031188516
Reacher,382,0.001,2,0.1878927970434634,1.1809382804969975,1.8323973777297067,0.4393158764971404,0.4393158764971404,0.644477172282439,2.5232498368006206,31.165720041873076,1.9931209968316275,1.914236824751964
Reacher,383,0.001,2,0.28707070995768325,2.211970427551947,8.173772646641986,1.3070468560733537,1.3070468560733537,0.27061805156284674,2.8266181786850915,1.7262481952409914,1.8592347053494136,1.4111894554675282
Reacher,384,0.001,2,0.2948273116375549,1.1216269333140254,2.2245093301034142,0.6847561151956241,0.6847561151956241,0.5042131845146645,2.179910659006224,63.6207012707719,1.9967144911949382,1.8574422304038065
Reacher,385,0.001,2,0.38077564798256724,1.1098302795724362,3.6658834038153363,1.1948622418220416,1.1948622418220416,0.3027456569997179,2.3976870323770223,24.40283203332816,1.9972907372144117,1.6813996208928423
Reacher,386,0.001,2,0.16168959872415137,1.6724746332316338,2.540874045177816,0.41820378818350096,0.41820378818350096,0.6582280756520501,2.5928910536360714,11.892518502906267,1.9370099343138851,1.813431358591727
Reacher,387,0.001,2,0.13918334703210153,9.015554576914791,606.1097450841056,4.208109695279835,4.208109695279835,0.014874459039862106,2.2667378387892483,0.42190191947360856,1.3836730602245488,1.0122766357105597
Reacher,388,0.001,2,0.23522361730904395,1.2888102424989283,2.2156439458344956,0.5418235815495851,0.5418235815495851,0.5816865317741806,2.438987235271258,29.83531682282167,1.984098732191261,1.8587092886682535
Reacher,389,0.001,2,0.7008161886831532,1.2472888924036687,18.364351647849457,2.6894390651674405,2.6894390651674405,0.06791902683641605,1.6921561616450693,73.65163441941918,1.987903643803015,1.2254643591698773
Reacher,390,0.001,2,0.3022893339966506,2.080339252998864,7.994163006732912,1.3461806683994249,1.3461806683994249,0.2602322783819573,2.7533922246480085,1.2306078110700318,1.878206432014201,1.4176236548220509
Reacher,391,0.001,2,0.28021323720453134,1.9608286684568985,6.118517256954176,1.1379526149737158,1.1379526149737158,0.3204744852567446,2.7042431359065486,2.20817081716956,1.8955845335423103,1.5005496950119388
Reacher,392,0.001,2,0.09437191414450193,1.9926003115587083,2.675847718999574,0.29482575945683004,0.29482575945683004,0.7446613263566757,2.5125167108470468,3.5969614035527115,1.890958695178801,1.7954996161472276
Reacher,393,0.001,2,0.16799243654854779,1.7399931487242069,2.674529195584764,0.4298921875034444,0.4298921875034444,0.6505792315135941,2.619742427583835,12.198588760095406,1.9274948684696582,1.7956721069282253
Reacher,394,0.001,2,0.304483849954898,2.116365026066034,8.458373190725428,1.3854568541757581,1.3854568541757581,0.2502094644377502,2.817503035052587,0.8439345212142938,1.872989841583053,1.4014200352551103
Reacher,395,0.001,2,0.1903240909300606,1.3706281033239007,1.735381381791401,0.23595810148270524,0.23595810148270524,0.7898137652652626,2.564709524929236,36.60894431788503,1.9756066810574127,1.9281503035017133
Reacher,396,0.001,2,0.23401640001637156,1.1197789588981657,2.26499690603813,0.7044420852437961,0.7044420852437961,0.49438432163549934,2.4876947580870232,0.5595328205034518,1.9968079884369585,1.8516756556572347
Reacher,397,0.001,2,0.2987578568503947,1.9054774998060442,6.520780225387087,1.2302614020136668,1.2302614020136668,0.2922161817979276,2.710321342957244,0.4990707100455532,1.903639509303288,1.479914476103647
Reacher,398,0.001,2,0.2260584821925723,2.024769311023679,4.842416680304459,0.8719581366382828,0.8719581366382828,0.41813198753816755,2.8739902648418236,1.3818398674340702,1.8862775947045993,1.580472754856449
Reacher,399,0.001,2,0.18992455942861922,1.2729451682364248,1.539575915018192,0.19017375286566962,0.19017375286566962,0.8268154599062972,2.4932105746735904,52.13631296764662,1.9855969994255318,1.955025276538647
Reacher,400,0.001,2,1.1577859943085955,20147.145109096582,6.05969081599529,-8.109159097089494,8.109159097089494,3324.781036008594,6.788726014734092,72.27184947335476,1.000541677531394,1.5037261189432276
Reacher,401,0.001,2,0.17395196816091676,1.3176988103478808,1.7708891401993732,0.29559486980743066,0.29559486980743066,0.7440888198114589,2.4826237979734014,31.057569882822037,1.981239668756308,1.923086418857225
Reacher,402,0.001,2,0.37298464498196054,1.3735743145960664,5.186601724460268,1.3286623779195936,1.3286623779195936,0.264831268635535,2.55578787487881,8.134367826392257,1.9752794760793246,1.5564051757845165
Reacher,403,0.001,2,0.42522984258903773,1.1164305811552093,4.738097860498323,1.4454991449574492,1.4454991449574492,0.23562843445318588,2.4657404006999277,11.70546526806271,1.99697436433506,1.5881956115936084
Reacher,404,0.001,2,0.3045363533621038,1.2324011125168879,2.497942689204588,0.7065030783040657,0.7065030783040657,0.4933664482547906,2.1835547410834986,42.18783664163613,1.9891721850381086,1.819248449730907
Reacher,405,0.001,2,0.32757996178182286,1.4616055433179231,4.457516149719549,1.1150561750815497,1.1150561750815497,0.3278968587494365,2.4915367884925743,10.46972468142846,1.9649373874854563,1.6100438401681898
Reacher,406,0.001,2,0.3398943925535079,1.4654308246697956,4.713091012725632,1.1681946812420647,1.1681946812420647,0.3109277586011056,2.395152334959864,11.16529369833873,1.964465765696728,1.5900781360799476
Reacher,407,0.001,2,0.2363197943034107,2.2147310058600884,5.796568694561437,0.9621351840266948,0.9621351840266948,0.3820762113865801,2.682846599963883,3.595629485182494,1.8588398210457089,1.5184706465061466
Reacher,408,0.001,2,0.2814160004888243,1.984182359498909,6.310153774402777,1.1569531265003115,1.1569531265003115,0.31444279021341304,2.556313709997319,1.9343256061494907,1.8921842030729108,1.4904892732384676
Reacher,409,0.001,2,0.32160533389825574,1.2862541987775649,3.7012065884026457,1.056924598946667,1.056924598946667,0.347522940980358,2.484142887538612,7.517935609847119,1.9843436810588448,1.6778729687723755
Reacher,410,0.001,2,0.3249696467846354,1.7858693655322353,6.712571255385102,1.324076738925819,1.324076738925819,0.26604847793601255,2.813013188373527,1.8847553348899784,1.9209391491047996,1.4706976925382296
Reacher,411,0.001,2,0.11319618182011328,1.8096783552897628,2.0995926452255342,0.14859422222242843,0.14859422222242843,0.8619187914403132,2.484231441377339,13.15927651195915,1.9175151395274366,1.8754166176427314
Reacher,412,0.001,2,0.27671317863666506,2.0968591328588198,6.811754866056566,1.1782092024403394,1.1782092024403394,0.30782950562528466,2.7146774972703027,1.9361837681960818,1.875812473798791,1.4660775134084099
Reacher,413,0.001,2,0.6543612911207418,1.3858889174239803,7.999738701772179,1.7530671274708423,1.7530671274708423,0.1732417731490361,1.8110278209548494,76.78401393636555,1.9738973896691332,1.417420706637783
Reacher,414,0.001,2,0.25060622576887404,1.9464161387629022,5.111806103040704,0.9655629825417306,0.9655629825417306,0.38076877321404995,2.715027452079394,2.768024602325834,1.897682901641968,1.5614588728844083
Reacher,415,0.001,2,0.49303547173300616,2.404901747701635,1.818988227523582,-0.2792286218113008,0.2792286218113008,1.3221095724053866,2.6888261922191514,82.47022189404505,1.8320331844148128,1.9161729443358728
Reacher,416,0.001,2,0.31852075761517396,1.9364841633897845,7.661028620379617,1.3752722173979375,1.3752722173979375,0.25277077783503027,2.811728678683516,0.9337020878394477,1.8991286703554142,1.4301511347908478
Reacher,417,0.001,2,0.16365583380787108,1.5344327492562393,2.1351578090002037,0.330379790889266,0.330379790889266,0.7186507445905105,2.483810564722688,18.486031461927542,1.9556968799584968,1.870274987170523
Reacher,418,0.001,2,0.3900607646819701,1.275424774909612,3.9913930524675743,1.1408610260069407,1.1408610260069407,0.31954376783842775,2.350524266236906,30.682336646839182,1.9853663449912626,1.6501730150159521
Reacher,419,0.001,2,0.18569243669380572,1.9002128875370505,2.0781811930925302,0.08952715881379297,0.08952715881379297,0.9143634317609014,2.655860812216604,23.178896930035787,1.9044048198101824,1.8785193771112438
Reacher,420,0.001,2,0.2347702697871289,1.8218191650257092,4.291188029537634,0.8567280814611353,0.8567280814611353,0.42454890172267895,2.496190964050828,1.9296438178582649,1.9157644609336282,1.6237855661819869
Reacher,421,0.001,2,0.38186361381960165,1.4183643194944333,5.894925025755048,1.4245874956304307,1.4245874956304307,0.24060769446559044,2.690434090201363,4.728650899197156,1.9701467752919564,1.5128538394932936
Reacher,422,0.001,2,0.2662061060386281,2.1402888769235466,6.608682464813414,1.1274435003191245,1.1274435003191245,0.32386014736206187,2.748192917401791,2.3730206975732906,1.869534613452357,1.4756429816320085
Reacher,423,0.001,2,0.08987890473210998,8.974511834541826,7.052996954369564,-0.24093591479517137,0.24093591479517137,1.2724394881500438,2.3071864450372024,4.356077734636516,1.384922351552658,1.4552333541296196
Reacher,424,0.001,2,0.28594330737216767,1.2793185126861824,2.3626545688443286,0.6134582800253993,0.6134582800253993,0.5414750550318279,2.3439979856111237,40.45148140292634,1.9850014925728694,1.8379145733797466
Reacher,425,0.001,2,1.174456034389562,159320.28709845076,6.344384023717867,-10.13110182344447,10.13110182344447,25112.018204264947,8.982007287381286,73.81490462911916,1.0000814655961208,1.48873714776716
Reacher,426,0.001,2,0.12410774852231331,1.8361636892474906,2.5190583824841437,0.31620673036374214,0.31620673036374214,0.728908747020296,2.6659645065895257,8.861157757672398,1.9136924410494887,1.816380697192778
Reacher,427,0.001,2,0.26125979834375895,1.8666375308210048,5.086210028787481,1.0023942611601813,1.0023942611601813,0.36699969530475696,2.7787626708803406,1.1029993813595538,1.909279729154204,1.5632101866138746
Reacher,428,0.001,2,0.25441243297513544,2.208316835154242,6.540489002173085,1.0857813213456569,1.0857813213456569,0.3376378791280784,2.6683769137069904,1.8738301191756055,1.8597575480234285,1.4789496575769716
Reacher,429,0.001,2,0.21738564633789492,1.2482731543534031,2.4338071582631744,0.6676956434256655,0.6676956434256655,0.5128890964575032,2.47664672294505,1.8179593378903285,1.9878179200867006,1.8280360229232677
Reacher,430,0.001,2,0.3084389414854481,1.9467273450793021,7.246679035146286,1.314393621701725,1.314393621701725,0.26863716961075595,2.7115839288093566,0.0628558434568406,1.897637595974874,1.4469093363588097
Reacher,431,0.001,2,0.30795861177692635,1.5707142648742758,4.839712652792301,1.1253248880247713,1.1253248880247713,0.3245470087915329,2.65423130910246,0.1971766049329404,1.9509126595938389,1.5806703052598703
Reacher,432,0.001,2,0.20677733587154765,1.6892357701494218,3.4150529492287887,0.7039167781547938,0.7039167781547938,0.49464409344835986,2.5938573156509763,2.4219578450198633,1.9346654985774054,1.7074651352508987
Reacher,433,0.001,2,0.27179747169182433,2.1859082962025025,7.183671092550928,1.1897791082485831,1.1897791082485831,0.3042884714570478,2.7147835137574936,1.5000821960167985,1.8629695763034861,1.4495813435979865
Reacher,434,0.001,2,0.5178510141519133,2.5721929713976532,1.853072883686464,-0.32791355198645644,0.32791355198645644,1.3880689712973333,2.913029996375292,82.09324937376691,1.8092216407557355,1.9112455984262067
Reacher,435,0.001,2,0.7902007039416105,1.5810406227539118,23.723237642214574,2.70837180676747,2.70837180676747,0.06664522973628657,1.7476666026818715,74.32533943866176,1.9495322470441887,1.184551958816786
Reacher,436,0.001,2,0.2401486475359777,2.213142048027925,6.03664017462386,1.003434347694171,1.003434347694171,0.36661818230135357,2.628183117714116,1.7005398953453834,1.8590670946126966,1.504982411238384
Reacher,437,0.001,2,0.3294110366232804,2.0272167201402786,9.2660796853539,1.5196966082656358,1.5196966082656358,0.21877825239777798,2.818999607268498,0.0548440064540408,1.885921654640338,1.3762336468299006
Reacher,438,0.001,2,0.26084586561926265,1.6239590641375068,4.057112732935777,0.9156045364937544,0.9156045364937544,0.40027457234652436,2.5716940480396344,3.0184015646922746,1.9437163070892827,1.6442020770763124
Reacher,439,0.001,2,0.18962426860411552,1.8529074457850778,1.6725217299416115,-0.10242349232056522,0.10242349232056522,1.1078525394404075,2.5843320741663676,28.762760237447733,1.9112695432802431,1.9370033616263889
Reacher,440,0.001,2,0.11546973879550423,1.5576522118188079,1.692791677912617,0.08319935130387432,0.08319935130387432,0.9201676923054999,2.544218170583624,19.550507100005536,1.9526472546445908,1.9341665024918209
Reacher,441,0.001,2,0.23063298622359021,1.1015566057398087,2.1939718401840835,0.6889892512235423,0.6889892512235423,0.5020832927588458,2.4315922689481866,4.4526839485959595,1.997665199888255,1.861812721399996
Reacher,442,0.001,2,0.2719830589524887,2.186146132805931,7.184868588338389,1.1898369927124266,1.1898369927124266,0.30427085839179013,2.7458764349847753,1.692315323822931,1.8629354384714572,1.4495302543773956
Reacher,443,0.001,2,0.37216396272483393,1.5961025597564993,6.975933505577671,1.4749013972152556,1.4749013972152556,0.22880128637698754,2.725479027059688,5.786626242642421,1.9475051107314667,1.4586384882210233
Reacher,444,0.001,2,0.31463454778922273,1.5372371122027655,4.792568058689278,1.1370796747736633,1.1370796747736633,0.32075436245827366,2.5425543814491345,3.2208794204101823,1.9553309607688436,1.5841370882769856
Reacher,445,0.001,2,0.23558203517795678,2.2067065433258706,5.883976471060666,0.9807316518200474,0.9807316518200474,0.3750366022330613,2.5730549475626816,0.023577144460712678,1.8599880650385463,1.5134727315455025
Reacher,446,0.001,2,0.340278741616009,1.3343272668688617,4.32085342516971,1.175025689974319,1.175025689974319,0.30881104623826794,2.5100411142632413,1.703467881228582,1.9795222744384466,1.6212894136538532
Reacher,447,0.001,2,0.3262690385995722,1.7355416310744722,6.343411313903318,1.296097141900822,1.296097141900822,0.27359752429588774,2.6795518360242987,3.2001596577691926,1.92812755827989,1.4887867649239008
Reacher,448,0.001,2,0.24753627101927259,1.8652733700991173,4.7052424552007555,0.9252696816062189,0.9252696816062189,0.39642449626318627,2.6131446404436676,2.7613337777861418,1.909477537872048,1.590671547439194
Reacher,449,0.001,2,0.2823523761559537,1.2430709655606438,2.7981079450015507,0.811358551778552,0.811358551778552,0.44425411384904767,2.264032123852201,20.926734546149785,1.98826842156332,1.779743161160192
Reacher,450,0.001,2,1.1700068456850552,213229.2024759109,6.555230485551435,-10.38985965571721,10.38985965571721,32528.101482609232,8.935538366342037,72.25036981721844,1.0000622357342375,1.4782306809433807
Reacher,451,0.001,2,0.48847034456040755,1.0670309043076718,5.461765812022713,1.6328922106293808,1.6328922106293808,0.19536372320447534,2.4999709984513534,44.60501483936239,1.998948478472214,1.5385981366109602
Reacher,452,0.001,2,0.3109678646940841,1.8006147088214208,6.284544768283105,1.2499652964570083,1.2499652964570083,0.2865147397642513,2.624115373980404,0.8341339389775445,1.9188201107124383,1.4918088379230896
Reacher,453,0.001,2,0.31773628879454996,2.0507269574954745,8.664924872370637,1.4410889091877424,1.4410889091877424,0.23666990628326315,2.7650597428378605,1.3737917943234446,1.882504384124465,1.3946374500952057
Reacher,454,0.001,2,0.31829660349454797,1.651481637230178,5.57556619416592,1.2167210247374867,1.2167210247374867,0.29619980818418606,2.704667944958868,0.0401852156826725,1.9399272406137082,1.531575541688695
Reacher,455,0.001,2,0.21447036841082315,1.884607192862896,1.741654967197887,-0.07888362167365948,0.07888362167365948,1.082078384270911,2.4912168380126665,31.518909124051508,1.906672055065225,1.9272585074415811
Reacher,456,0.001,2,0.2712693560100095,1.918634231730621,5.610963126293288,1.0731087897866916,1.0731087897866916,0.3419438318423077,2.6687174834110303,1.6136876208745023,1.901726102212076,1.5294301009054294
Reacher,457,0.001,2,0.2481763977831234,1.8737746111392437,1.5073105010671517,-0.21762796742941715,0.21762796742941715,1.243124498776225,2.5492898065089142,42.62175223664211,1.908244459614833,1.959199449417644
Reacher,458,0.001,2,0.3002133031318127,1.1512030964865074,2.7399017946395166,0.8671145120075934,0.8671145120075934,0.4201621746950127,2.379384206904648,25.52090555767422,1.995061671535152,1.7871858505344358
Reacher,459,0.001,2,0.3519500626647686,1.4443216263551186,5.181306247096516,1.2774174471334738,1.2774174471334738,0.2787562744750869,2.5171623086590995,4.51102232048481,1.9670471670731071,1.5567598954165707
Reacher,460,0.001,2,0.23460022060776667,1.8732839167278832,4.465893993813258,0.8687764209464762,0.8687764209464762,0.41946448333144537,2.664298843948408,2.132459696147689,1.9083156563134822,1.6093677041515813
Reacher,461,0.001,2,0.3705315213709172,1.30967352309099,3.6993613573749404,1.0383823114988184,1.0383823114988184,0.3540269242635793,2.35787813073894,30.78391922022652,1.982050208067207,1.6780563653656815
Reacher,462,0.001,2,0.18223120112881086,2.088778932168152,2.1781166810016064,0.041880943361627745,0.041880943361627745,0.9589839471812077,2.543206776392666,20.82893468773323,1.8769830372225604,1.8640884739108639
Reacher,463,0.001,2,0.1968328356361424,1.2278377681469472,2.216051032579705,0.5904720873942859,0.5904720873942859,0.5540656555718491,2.2670837308022165,5.444866953369644,1.9895502278392967,1.8586510527674727
Reacher,464,0.001,2,0.25990597549311895,2.013718040854692,5.750668523318837,1.049333328056141,1.049333328056141,0.35017112057304445,2.713691542315269,0.7093115469599176,1.887885236466713,1.521136427641492
Reacher,465,0.001,2,0.18842514114507528,4.093258483788801,3.0899639990769088,-0.2811819081067412,0.2811819081067412,1.3246945546976,2.4369513198284274,12.885031930073207,1.6409636518388688,1.7440548286519046
Reacher,466,0.001,2,0.11417359211730688,1.7739464883816056,2.254757582074095,0.23983574572190813,0.23983574572190813,0.7867570786699813,2.5483854980155116,10.661832266856038,1.9226486516476358,1.8531308538017142
Reacher,467,0.001,2,0.2857513652822856,2.170631506572865,7.813508388690142,1.2808359384165258,1.2808359384165258,0.27780497551071937,2.6155458829322513,0.7602832487628888,1.865164331632377,1.4243181753669485
Reacher,468,0.001,2,0.27866014229058406,2.2183966016497254,7.748090769305726,1.250661777242104,1.250661777242104,0.2863152572292989,2.8286451504081755,1.6818515591470253,1.8583157005868831,1.4267996803724732
Reacher,469,0.001,2,0.40991725384815564,1.2457519007863127,4.394486885040543,1.2606114906199615,1.2606114906199615,0.28348062774451077,2.3950116532225314,29.271862972101953,1.9880370528164357,1.6151791988061894
Reacher,470,0.001,2,0.3098792800201083,1.6487268038425504,5.273449942121513,1.1626814303301312,1.1626814303301312,0.31264671551604156,2.6413931588200046,2.904684844191411,1.9403083897685178,1.5506540712212546
Reacher,471,0.001,2,0.3155466657551286,1.8367114459374145,6.691793375142045,1.292905191321829,1.292905191321829,0.2744722293369417,2.742705483766278,2.0274588343912208,1.913613248414742,1.4716779851063047
Reacher,472,0.001,2,0.3060186017352054,1.1753557779716521,2.2968626262602756,0.6699732246704813,0.6699732246704813,0.5117222791357585,2.4113983015378953,57.13273006617744,1.9935055138421003,1.8471613165004408
Reacher,473,0.001,2,0.21560933472042054,2.129898838265293,4.9508776244946215,0.8434903739215831,0.8434903739215831,0.4302063189216296,2.624906754757862,2.042845909380354,1.8710342445956927,1.5726602488462165
Reacher,474,0.001,2,0.09779035635116784,24.850965647118006,21.809284474531072,-0.1305608383712631,0.1305608383712631,1.1394672611171182,2.1856056784619216,4.310346922319334,1.1779041400254464,1.1971778843888725
Reacher,475,0.001,2,1.113834285772555,231417.22144985088,4.3417992627550515,-10.883688674961851,10.883688674961851,53299.84355449153,9.010555792037026,75.293444416135,1.000057697984101,1.619539021549922
Reacher,476,0.001,2,0.28579849765630505,1.1678856215421332,2.852425397463368,0.8929746961759882,0.8929746961759882,0.40943599176361334,2.3710101975326556,3.7182178663298897,1.994005712559666,1.77289485349106
Reacher,477,0.001,2,0.24157502445111606,1.97345976474785,5.02504131820499,0.9346454482907066,0.9346454482907066,0.3927250821994824,2.7498808635532623,1.575667921625557,1.8937453924266554,1.5674413889680439
Reacher,478,0.001,2,0.25556778660501556,1.939613733749256,5.266756511472479,0.9989258634235235,0.9989258634235235,0.3682748062349629,2.824778040310287,0.757156919169507,1.8986731392906664,1.551092886019826
Reacher,479,0.001,2,0.4659818472886821,1.2302694324213606,5.473397703189362,1.4926663797731596,1.4926663797731596,0.224772526890286,2.497152512989853,33.89870014099351,1.989349421756603,1.5378714195855443
Reacher,480,0.001,2,0.16352439437733934,1.6233921933160724,2.5796863654098603,0.46314992126409754,0.46314992126409754,0.6292982802419658,2.507993410107406,9.73852637194827,1.943793890995629,1.808218714895185
Reacher,481,0.001,2,0.15237025349298952,2.267264717652177,4.029118211562366,0.5749734112173934,0.5749734112173934,0.5627198306432917,2.712996522410653,1.2505178947767042,1.8513536485250723,1.6467323427194096
Reacher,482,0.001,2,0.31321698849987567,1.8819394013152857,6.967108069658972,1.3088973860205306,1.3088973860205306,0.2701177278289877,2.7374172954868783,0.18404186126594707,1.907059412403474,1.4590319129398341
Reacher,483,0.001,2,0.21105586986428898,1.6469016256101898,1.7309107566408157,0.04975199893905903,0.04975199893905903,0.9514653596620645,2.6018595721150715,35.57339397625388,1.9405606918907536,1.9287850451016293
Reacher,484,0.001,2,0.3195687751762442,1.3119699395484512,2.7258496236509133,0.7312503896851422,0.7312503896851422,0.48130679262902326,2.1931478228843715,38.40540621562972,1.9818195219946917,1.7889987301635093
Reacher,485,0.001,2,0.12286839585102134,2.1614859553849977,3.302981937880642,0.4240297505153658,0.4240297505153658,0.6544044127507143,2.5505145480841778,2.9119260486561642,1.8664800715425507,1.7197113350398816
Reacher,486,0.001,2,0.4599701348678168,1.2304661359632922,5.647919677160086,1.5238942087034937,1.5238942087034937,0.2178618334356343,2.489212796092229,29.050533770740667,1.9893331139587087,1.5272093315415558
Reacher,487,0.001,2,0.23496856794031287,2.0710793270029204,5.268206491127463,0.9336200949662887,0.9336200949662887,0.39312797068432354,2.5517819395140715,0.5451881269260451,1.8795495609547175,1.5509977416380467
Reacher,488,0.001,2,0.23388542196442985,1.834808772798782,4.216623378157471,0.8320943953357607,0.8320943953357607,0.43513698242609816,2.6783103120135356,5.0554967082308915,1.913888308279327,1.630148722892485
Reacher,489,0.001,2,0.1589670497194775,1.1700138380959073,1.7304590706367249,0.39137115588571314,0.39137115588571314,0.6761291601455787,2.3194219181692937,24.802846302515757,1.993864898667952,1.9288491209955767
Reacher,490,0.001,2,0.3511513711053841,1.2705153996988214,3.3281368357040986,0.9629899939316386,0.9629899939316386,0.381749748408416,2.3842184667292137,31.816609674708996,1.9858217297762195,1.716929510900855
Reacher,491,0.001,2,0.261761324587671,1.9902542544758453,5.696439406208927,1.0515789174350176,1.0515789174350176,0.34938566226238366,2.626185165620894,0.1857729201199026,1.8913002249316782,1.5243232194699232
Reacher,492,0.001,2,0.15754831295920027,1.5362748130914572,2.45593546815109,0.4691472012616911,0.4691472012616911,0.6255354967645042,2.55755567617827,7.207456062592657,1.9554566001074996,1.824991211387819
Reacher,493,0.001,2,0.20956311722422094,1.2073082815299312,2.197783132542747,0.5990558644217954,0.5990558644217954,0.5493300333655414,2.477637593563423,14.707592349471412,1.991185679982759,1.8612663437960568
Reacher,494,0.001,2,0.38464140885418524,1.4744390888951922,6.391980885643897,1.4667665793510438,1.4667665793510438,0.23067013423127036,2.5568879836583664,6.318572952921673,1.9633486625864525,1.4863227521233866
Reacher,495,0.001,2,0.23884175218861914,1.102949888071344,2.087676428132039,0.6380633837949665,0.6380633837949665,0.5283145765353183,2.395388607217232,34.46848765326418,1.9976038873712385,1.8771427975978112
Reacher,496,0.001,2,0.215239280506262,2.152673973812183,5.058659813125677,0.8543908110275852,0.8543908110275852,0.4255423478421403,2.6322823436892184,0.49115303985567293,1.8677490695735899,1.5651078136933159
Reacher,497,0.001,2,0.34538833829809723,1.5359962441060304,5.451749735836279,1.2667574201168466,1.2667574201168466,0.28174371872013565,2.5284400912720457,7.323669818861717,1.9554929556361307,1.5392254976596011
Reacher,498,0.001,2,0.1728901978490082,1.9944521859144466,1.621823193097427,-0.20681847484447644,0.20681847484447644,1.2297593192667056,2.6350584453537342,23.667794315051058,1.8906891163725144,1.9440085317620261
Reacher,499,0.001,2,0.10256300685520313,1.6280584611878959,1.8127544003865546,0.10745927997509314,0.10745927997509314,0.8981130928937346,2.4491596869761776,15.015799454120137,1.9431546797955763,1.9170718771900592
Cube,0,0.001,5,0.6672814642658854,4617778.28245414,68711.53036754954,-4.207751955521488,4.207751955521488,67.20528938524389,0.20000054065552816,42.11116789110678,1.3613164062709868,2.503012391538462
Cube,1,0.001,5,0.8595448535450441,1851.1787868591546,855.3691149305758,-0.7720448080996354,0.7720448080996354,2.1641870796438583,1.4520548364893764,78.03489231867312,2.0128779332238196,1.9853273540316079
Cube,2,0.001,5,0.8560986439368152,4830398.3316519745,85099.1153532948,-4.0388675734205925,4.0388675734205925,56.76202756748111,4.769452195785427,81.12979525782612,1.1651827962464478,2.3878185902682776
Cube,3,0.001,5,0.7753696458866324,14172.942762947632,2326.5777278767573,-1.8069363061849124,1.8069363061849124,6.091755539962943,1.6448434758236425,88.2158477824111,2.0153377490000848,2.170938268962
Cube,4,0.001,5,0.4224246936782414,2857134.842610335,16495.44493391526,-5.154490320208009,5.154490320208009,173.20750389314796,0.36919557726710717,34.71409230501784,2.111248337858347,2.2532006189350593
Cube,5,0.001,5,0.7989473505710084,1152.8501285618331,1759.962095026717,0.4230550229644896,0.4230550229644896,0.6550425897350547,1.923089668116534,80.46215683771989,2.259496255430178,2.199225055717731
Cube,6,0.001,5,0.5731854542906843,7479.146999345311,25141.947105038977,1.2124189026789125,1.2124189026789125,0.29747684091843196,2.179360735436006,36.04805708155125,1.5158597593952057,2.0888790398886075
Cube,7,0.001,5,0.731221484032192,560.7075611026747,50020.58399988128,4.490990391539574,4.490990391539574,0.011209536480101982,0.7378981935041466,40.7599281107421,1.8781568880053154,2.1106745893559125
Cube,8,0.001,5,0.37297790941535713,4381995.482076681,8028.4240692109315,-6.3022712358291795,6.3022712358291795,545.81016701418,1.7858073131410117,13.174638281680847,1.4825636091636187,2.169348891804872
Cube,9,0.001,5,0.29355262296606915,935.3441350006949,55925.74390439021,4.090865567695844,4.090865567695844,0.01672475088752945,0.7400279741215596,13.169053583465892,2.2756905150569993,2.1088246985324846
Cube,10,0.001,5,0.8370157750650017,3989941.617383498,3895.3359651477554,-6.931751946445576,6.931751946445576,1024.286904411377,0.04983642883624666,76.56744260092559,1.8832305384219037,2.462487835397199
Cube,11,0.001,5,0.7069592157298794,3779401.46303709,25299.163612602744,-5.006549596567542,5.006549596567542,149.38839563669947,2.7608788987967756,83.7002149851683,1.7682487601033672,2.4202073750806545
Cube,12,0.001,5,0.9626033402866623,4996836.645106399,3817.307299676776,-7.1770150415264204,7.1770150415264204,1308.9951247911056,6.642747862340716,79.50618827652062,1.0055555916794088,2.3428176051501515
Cube,13,0.001,5,1.0451074448154285,4937753.365552235,90476.97598883524,-3.999570313059772,3.999570313059772,54.57469496064445,2.5472467321524217,88.58641200017082,1.073885954961238,2.194658365123645
Cube,14,0.001,5,0.38922936837597405,1686.6517230383502,7529.776868769571,1.4961200743379086,1.4961200743379086,0.22399757023795624,1.1305905979840731,28.905723140344683,2.3600020953667133,2.142755312665728
Cube,15,0.001,5,0.41940974148056615,1741.7474821150006,9437.23646974542,1.6897742811290675,1.6897742811290675,0.18456117823250712,1.6153895560236669,55.71835553009051,2.7582969350695135,2.3621139704096463
Cube,16,0.001,5,0.883703901433218,4596559.131349629,65662.62721837024,-4.2485333639137135,4.2485333639137135,70.00266858137019,2.165559274822903,49.71555703935133,1.354007073024124,2.4068808897649907
Cube,17,0.001,5,0.36826612549614596,1964.9558223903532,3798.0441100629146,0.6590164635221889,0.6590164635221889,0.5173599267012735,0.6098091953468561,60.62397369262077,2.3258463732887438,2.725147977549927
Cube,18,0.001,5,0.32599500197694214,4343555.662643383,17141.118637182066,-5.534968393023867,5.534968393023867,253.3997783097689,0.7774102113098423,9.453819205346006,1.4873938375657698,2.0882917338514737
Cube,19,0.001,5,0.6254694327358361,3653267.5558987716,11087.690176761686,-5.7975417670536675,5.7975417670536675,329.4886038171892,1.4241748463482011,75.23719895633374,1.8213441886639092,2.2169319782470027
Cube,20,0.001,5,0.7089719917486231,3011.064528639299,390.6840250450793,-2.0421498460273266,2.0421498460273266,7.707160609630419,1.7614443154424166,71.56821755973593,2.1527014347625446,1.9364006264211238
Cube,21,0.001,5,0.5061018073741486,781.6409993751812,17825.046051665297,3.1269642737698957,3.1269642737698957,0.04385071416419464,0.5026930725262165,33.5845642854042,1.8212381854464863,2.6601734443139504
Cube,22,0.001,5,1.0252903294279927,507.6002049555667,3342.4701874024086,1.8847712500710623,1.8847712500710623,0.15186379428863261,0.6099675733875174,66.03383070856546,1.6648198686009117,1.775023776068168
Cube,23,0.001,5,0.5075318707019807,3625.0585687186394,795.6619069660312,-1.5164513684217749,1.5164513684217749,4.556028806935711,0.1651226653443274,77.42720283035491,1.9575848035977585,2.71100160503202
Cube,24,0.001,5,0.42242447813286277,337.1044941354476,5015.495562231899,2.69989455760381,2.69989455760381,0.0672125994236621,1.7889720729704888,38.59961186608791,2.5691897029194397,2.7818161369272714
Cube,25,0.001,5,0.9281320737697112,4658733.40801848,22112.15697189437,-5.350371342814661,5.350371342814661,210.6865202675595,2.8604759852654924,74.34927475160929,1.3124861995983912,2.3509984878555708
Cube,26,0.001,5,0.45122533003908294,51.08706454719243,19241.48949752147,5.931292812746612,5.931292812746612,0.002655047290064163,0.30017668984878926,60.7910642636071,3.140850867046751,2.3323266077810616
Cube,27,0.001,5,0.48851922390788444,186.3418285821663,1025.8350223113707,1.7056794407109903,1.7056794407109903,0.18164892456323853,0.7801608025784068,35.810567502091,3.047545604807164,2.2972322598056687
Cube,28,0.001,5,0.6397596659421734,3971.691144938517,7825.37625316211,0.6781798336537044,0.6781798336537044,0.5075399592874043,0.16509506200895332,55.2272088829432,2.3503690620508335,2.3283624119262547
Cube,29,0.001,5,0.6465243098460978,494.5052642250167,7933.065347686124,2.775236994160281,2.775236994160281,0.06233470197863067,1.185444405048814,35.393565199976884,1.8642383084249259,2.6604548339105083
Cube,30,0.001,5,0.46613665468419385,67644.7665043466,153689.2481238643,0.8206627041773924,0.8206627041773924,0.4401398753010294,0.45567790779419476,28.75228873951033,1.761475212504397,2.0266879318479334
Cube,31,0.001,5,0.9437163508932378,5501.15133693472,6940.263982385051,0.2323824072836853,0.2323824072836853,0.7926429529045416,3.0492693817112952,54.80614009965562,1.1518654697395614,2.189749489923036
Cube,32,0.001,5,0.7126448487901368,279.50443271917163,4061.0703526879433,2.676183699587753,2.676183699587753,0.06882531166547586,0.3114393050023068,69.8438965035887,1.814452061522783,2.094102150356415
Cube,33,0.001,5,0.9735955743321707,2488.5181504166094,114674.6668472515,3.8304117222806546,3.8304117222806546,0.021700679137192137,1.4860951818946875,69.27493442019892,1.2381093472954303,2.233800739269672
Cube,34,0.001,5,0.5914310351364523,3980414.016843954,3713.964683943145,-6.977041163216283,6.977041163216283,1071.742559656738,1.7081788619861245,42.641450083105056,1.725070043851215,2.4732612366816453
Cube,35,0.001,5,0.9356245413061876,4974095.298813007,6459.975282546462,-6.646373292015257,6.646373292015257,769.9867385331953,4.869583158765328,71.09866819964053,1.0365314665079919,2.3609265107203385
Cube,36,0.001,5,0.49979916757872156,2988.2213502567806,1348.9953393458509,-0.7953182219406187,0.7953182219406187,2.215145792650267,1.153400914350451,65.2455016073916,2.1986399349037535,2.7537426717819966
Cube,37,0.001,5,0.6771603681220111,870.0876185605113,2447.4670965280984,1.0342150130409875,1.0342150130409875,0.3555053384761702,1.3692315182480586,62.89164224854396,2.316337193957011,2.259023060036456
Cube,38,0.001,5,0.7109002475189256,3909256.624903981,25101.770251082984,-5.048164141813739,5.048164141813739,155.73629213403072,1.1972356796267534,87.30073410011133,1.7423922427428022,2.400711191683127
Cube,39,0.001,5,0.7779564219520078,303.48988837505124,13943.933055957756,3.8274514930442187,3.8274514930442187,0.021765013296975104,0.9461410090112085,74.86787248003363,2.2997263490496,2.026072059091246
Cube,40,0.001,5,0.8995263242528668,4410212.359259127,12226.902847786312,-5.8880394458894845,5.8880394458894845,360.69742388258186,1.9105633666442208,84.10933121278227,1.5290127502685658,2.4296785630364464
Cube,41,0.001,5,0.37549649757974557,477.87759562588593,1123.4707867692587,0.854823465699897,0.854823465699897,0.4253582747799865,1.0501472877559757,14.21264393631717,2.302540210655958,1.950120765087218
Cube,42,0.001,5,0.4498868872707956,1015.2965150527779,647.2773228562139,-0.450161150369504,0.450161150369504,1.5685649399435482,1.2258205161867932,28.93473495552597,1.9931511236094401,2.2046866949481077
Cube,43,0.001,5,0.4709304826404854,3875.714483271081,7711.781828805618,0.6880192384862553,0.6880192384862553,0.5025705562356841,0.5849923129999854,54.00164469146953,2.0305556872948913,2.5970099979806616
Cube,44,0.001,5,0.749256837693852,4140175.837862681,23070.76209784176,-5.189927433041001,5.189927433041001,179.4555299172362,1.311213701689724,75.68380085067727,1.780240886724539,2.520956275332196
Cube,45,0.001,5,0.43918656529355593,112734.22599142753,9930.511934554017,-2.4294210350165084,2.4294210350165084,11.352307588409385,1.139528547399373,43.58705098357864,2.019781684995062,2.5350559018457712
Cube,46,0.001,5,0.4133611978334044,32683.41753598978,10127.891290419928,-1.1715747085129369,1.1715747085129369,3.2270703346614065,0.832641927704564,36.278614425011085,2.2392413542391774,2.6109603731482633
Cube,47,0.001,5,0.7887722748927027,4245166.744070085,52710.467171588454,-4.388722324202673,4.388722324202673,80.53745246178121,1.1254341877155216,79.4142962227448,1.6030121171894272,2.2271081867141143
Cube,48,0.001,5,0.4708163335081333,362.88450711899634,78330.58801324946,5.374608835770774,5.374608835770774,0.004632730537623631,0.3689919085391296,19.02123987139549,2.422397950466771,1.9007498813932053
Cube,49,0.001,5,0.8460315823602362,208.30320449709626,57945.35483271399,5.628260955165928,5.628260955165928,0.0035948214502863883,1.071287433840092,53.081175087475785,1.7470573075769673,2.050700094566321
Cube,50,0.001,5,0.8797309499718171,4828811.402107881,18744.073206609697,-5.551478023042076,5.551478023042076,257.6180400535943,4.391505738263057,81.26187921626776,1.1638088087794143,2.3691903511438093
Cube,51,0.001,5,0.24546297430780828,3247298.1014926876,3070.8506318138784,-6.963623974184433,6.963623974184433,1057.4588252032909,0.8091895300729525,10.969979960343638,2.478626409063735,2.6849090527862547
Cube,52,0.001,5,0.5133906926112808,3317.9108077164187,5876.057179222662,0.5715506791738854,0.5715506791738854,0.5646491697610305,0.4726743783394385,76.88304011495543,2.297534648779202,2.1478613461240617
Cube,53,0.001,5,0.37573825882815354,743.5232962330789,3120.2921131930593,1.434281803836475,1.434281803836475,0.23828643898093765,0.4097415859192834,79.15703752112842,2.6826083674839536,2.780704286311983
Cube,54,0.001,5,0.7967550535488968,79570.61812997656,11678.21455582885,-1.9189198033945516,1.9189198033945516,6.813594471105271,2.662638112928084,45.94565995070579,1.3367380359955663,2.098499342411164
Cube,55,0.001,5,0.5099724702834143,81.6672595681621,202.75508906377522,0.9093456110031886,0.9093456110031886,0.4027877176610557,0.12990371535414488,37.59949408137655,2.447988740070138,2.8051793332628563
Cube,56,0.001,5,0.6751544900981098,4072072.5806540223,73618.3076909654,-4.013013641793268,4.013013641793268,55.31331415206866,2.4569906586437713,53.36407097855778,1.717176270779054,2.363455045662547
Cube,57,0.001,5,0.6631047511824705,3018.7073477508584,6795.136447117837,0.8113784187097224,0.8113784187097224,0.4442452879708171,1.35844074790994,41.37738039408439,1.3470863610065127,2.537190933842367
Cube,58,0.001,5,0.8032355639063633,1959525.4274432363,20004.288337067974,-4.584510926627765,4.584510926627765,97.95526811179946,0.9639575216590404,67.81637176592399,1.9536141363793114,2.180385132481662
Cube,59,0.001,5,0.3980177229327525,207.80483829751168,514.715151356426,0.9070142816552043,0.9070142816552043,0.4037278439344262,1.5979375342094821,37.59109376187808,2.322204111986184,2.6024754464440756
Cube,60,0.001,5,0.4384179699625109,3631.882228655196,3306.3654225346077,-0.09390150775969275,0.09390150775969275,1.0984515516349225,0.28330749643101344,61.74379725058909,2.06035101269461,2.7043530725234626
Cube,61,0.001,5,1.0554892848995532,4951033.232598403,58248.87484610451,-4.442626791326566,4.442626791326566,84.99792048651925,5.043471562915605,73.66395213181357,1.0580821683295922,2.415978686513916
Cube,62,0.001,5,0.5471242601646306,9644.13904379551,733.0919462376593,-2.5768345245744513,2.5768345245744513,13.155428992625982,0.83375897208042,33.86970607131501,1.7660462257830056,2.304960574428133
Cube,63,0.001,5,0.7501654339029623,4345967.558627807,101289.99215171451,-3.759016083922374,3.759016083922374,42.90618911410631,2.099111505564585,73.35567936919335,1.4965558601460756,2.3143712595284525
Cube,64,0.001,5,0.9628004976756467,661300.3384864636,12430.065694382683,-3.9740899158744813,3.9740899158744813,53.20167686525698,4.738835319569811,49.87992906999773,1.056015950617341,2.4915286030685064
Cube,65,0.001,5,0.20800666747882712,18811.166251705206,269.2623251559754,-4.246519831188728,4.246519831188728,69.86185772854957,1.7245890771366186,8.476236824044474,1.8817600540857684,2.463984057898469
Cube,66,0.001,5,0.3917785165415911,1723.8097544099141,43056.939349902495,3.217986595798383,3.217986595798383,0.04003558498204814,1.0819732835353735,23.258957848274115,2.0292041386538577,2.0364481853743985
Cube,67,0.001,5,0.5679182435598635,273248.1475824664,9770.410650984364,-3.3310218508276037,3.3310218508276037,27.96690511211387,0.1012120346765832,86.67518541501377,2.654577012393166,2.4686120994215677
Cube,68,0.001,5,0.9837118615205035,4956462.354044302,7629.716506947377,-6.476396840620788,6.476396840620788,649.6260181529819,4.148297020796576,62.85916318853324,1.0527118542117027,2.300754609130037
Cube,69,0.001,5,0.3194492242378706,75.45781207546892,45321.19507156203,6.397956364801103,6.397956364801103,0.0016649563621683246,0.30996246870384525,11.659255547072673,2.00691311399851,2.3948028266252726
Cube,70,0.001,5,0.20119860229034423,3341053.2304745354,18802.653176917833,-5.180043388417145,5.180043388417145,177.69052053653883,2.4910859072349023,13.5112938181604,1.9597710804841004,2.187715441381626
Cube,71,0.001,5,0.6157817721304505,2272.480941458951,405.3736388588514,-1.7238182325312295,1.7238182325312295,5.605892252530547,0.915463557674985,83.17891814049861,2.581157469359392,1.9005140961031093
Cube,72,0.001,5,0.7506327682007662,202797.0106182224,20776.463759861494,-2.278384735052528,2.278384735052528,9.760901227571287,2.1363437319426697,42.822163172196994,1.5832255831862654,2.35590619322425
Cube,73,0.001,5,0.5660360438530381,2760.261358518818,667.3165194395208,-1.4198161740988429,1.4198161740988429,4.136360000254694,0.6594774058099656,42.09046433165181,1.909646989217118,2.722465914347895
Cube,74,0.001,5,0.7247167654241461,4457332.570079779,82832.0840736813,-3.985490312487011,3.985490312487011,53.81166754315714,2.452076761583338,42.180705823266265,1.5206903957361304,2.5695161852218207
Cube,75,0.001,5,0.6611949039933127,516.1130235385818,6939.4597471277375,2.5986534248737385,2.5986534248737385,0.07437366053635551,2.1405483126103655,75.72850154234644,2.1162434101530656,2.2569730722425154
Cube,76,0.001,5,0.4582236445597879,2053.9099269781855,8293.987954880486,1.3957856515028455,1.3957856515028455,0.24763840243698326,0.9337516482640074,55.67084643489995,1.9760471028083901,2.596632219174928
Cube,77,0.001,5,1.0743095844696136,16850.794541675736,401.96313879019203,-3.735792698614394,3.735792698614394,41.92124330701663,2.859763996024488,67.97445800536622,1.4379801126117249,1.8993894989079652
Cube,78,0.001,5,0.5462392612638924,146.17733293269558,8375.02516620999,4.048188867813876,4.048188867813876,0.017453957454655177,0.6756843697191216,53.92060756312402,2.357836627926734,2.2096615632867587
Cube,79,0.001,5,0.3885634740004573,1003.5211408034143,1340.4288845258914,0.2894746697315602,0.2894746697315602,0.748656756347323,0.41671045377648636,34.168537955448606,2.425866499167653,2.251717033134128
Cube,80,0.001,5,0.5194370753522884,6460.404020176267,556.8187045463719,-2.451207435252667,2.451207435252667,11.602347348297895,0.6437156336204221,75.74628265111993,2.437288130145518,2.820182899905535
Cube,81,0.001,5,0.8723392273193274,1058929.9087801052,17778.96782785864,-4.086997981204554,4.086997981204554,59.56082034868311,3.291126474926272,63.871169815142096,1.2752834993527726,2.242235540437534
Cube,82,0.001,5,0.7805207641551545,135074.41170465967,77358.65852205735,-0.5573733141202961,0.5573733141202961,1.7460800676390449,2.345059285834655,41.002242198739005,1.2509153199657668,2.4303760389510014
Cube,83,0.001,5,0.29904417936199607,134.1713947057354,837.2960575397698,1.8310596730473323,1.8310596730473323,0.1602436718739268,0.4907141075137448,5.56870487047843,2.311057984985648,2.9124953002566665
Cube,84,0.001,5,0.5522845805203046,147.67435959191343,1788.5322330761433,2.4941410043650745,2.4941410043650745,0.0825673459280767,1.3857033116918835,56.70320496754938,2.69538982903309,2.49249741915582
Cube,85,0.001,5,0.548325146728434,1248.3956641237785,161757.1469265389,4.864236859160272,4.864236859160272,0.007717715648698542,1.0730909156070416,42.90452971018483,2.103053238891436,1.9945297127098587
Cube,86,0.001,5,0.45608455813140625,470.31688812475,3031.9002844979145,1.8635381609570771,1.8635381609570771,0.15512280879733314,0.8201296166485164,41.559655075742974,2.0377475348908503,2.661585962384188
Cube,87,0.001,5,0.5183850201545265,1164.9297639964427,4132.49808917507,1.2662212915381836,1.2662212915381836,0.2818948100781787,2.513131955995486,16.57764009779747,1.4089840593643377,2.2074511123222296
Cube,88,0.001,5,0.8240279656764925,9148.318016282552,3289.6015191585675,-1.0228036003877286,1.0228036003877286,2.780980602970587,3.37402941551614,61.71230783347685,1.3358705081999114,2.2776436776722226
Cube,89,0.001,5,0.955995650837795,4598776.773407251,92559.27937980805,-3.905696330873429,3.905696330873429,49.6846648355657,1.3639932602816764,83.0258550109185,1.3846695337983639,2.048335685536323
Cube,90,0.001,5,0.49451948117098,3347218.632263344,15716.113637841403,-5.361198488557061,5.361198488557061,212.98004770109833,0.14500146451204773,29.168164718358092,2.1212690535942875,2.35077893650889
Cube,91,0.001,5,0.6952047312931162,3693711.435754954,10486.39162758437,-5.864308659580162,5.864308659580162,352.2385551612125,1.51877910522577,63.08252912636576,2.002561048405391,2.400934896016254
Cube,92,0.001,5,0.4782282872954363,3832241.137533623,14969.808390889702,-5.5451696656323755,5.5451696656323755,255.99800862286526,0.3348712200591309,26.99981964843219,1.9357702782472137,2.053575150903949
Cube,93,0.001,5,0.976434812940386,515.5908085936861,69363.37452988801,4.901800818378514,4.901800818378514,0.007433185194464883,0.668098450635228,73.56674334398589,2.0605259056278444,1.902222556069391
Cube,94,0.001,5,0.9058638443862442,341.6310269377344,5148.315387766687,2.7126935449125567,2.7126935449125567,0.06635782798961977,2.1749259682371536,88.40263726636903,2.3723740479893536,1.8254180446556658
Cube,95,0.001,5,0.3781575029664232,412757.0835238153,104673.17704838238,-1.3720163480259142,1.3720163480259142,3.943293737353834,1.4484313719582964,47.6640158483621,2.2438332159037984,2.565678728973549
Cube,96,0.001,5,0.2254217589302031,749.2874716898525,21442.585064545798,3.3540114627452926,3.3540114627452926,0.034943896430135214,0.16294754645168885,5.735548340367872,1.741680596726111,2.319285072371431
Cube,97,0.001,5,0.3519282399042759,791.0804323554923,78904.49741513834,4.602593859676797,4.602593859676797,0.010025796478918051,0.1153987189295818,43.734469966235245,2.504291900074555,2.1908022340486415
Cube,98,0.001,5,0.9389152756323482,4452.7637104578425,12885.447931556499,1.0625736453686105,1.0625736453686105,0.3455653023557692,1.2861465817819697,72.18634480919424,2.0348924277272196,1.4828521759134239
Cube,99,0.001,5,0.5858753139250792,1711.7319662079467,8521.959115493057,1.6051405538732926,1.6051405538732926,0.20086132108941837,0.6750493723037002,61.8452082732228,2.543407422275899,2.293085149289509
Cube,100,0.001,5,0.7654055825880423,1552.329638751362,488.3739321811982,-1.1564307073932456,1.1564307073932456,3.178567766338952,0.5455902743236446,56.35430889736497,1.8700018272887065,2.3587744883910577
Cube,101,0.001,5,0.47811096451787305,1354.4822577994723,12100.776891208285,2.1898503726777436,2.1898503726777436,0.11193349567361743,0.9192235366536593,35.841913574900744,2.0670039949893706,2.4381062128708564
Cube,102,0.001,5,0.5040266222031743,428.7503859428151,7903.529882941165,2.9141898606480536,2.9141898606480536,0.054247961644103115,1.250830544240847,44.462971568921915,2.184223859062681,2.019838063409774
Cube,103,0.001,5,0.3344265812405156,394.2704847570581,4233.357779279765,2.3737135751011778,2.3737135751011778,0.09313422236287731,0.6833065779112015,44.652093384266415,2.353384793679647,2.51179831840681
Cube,104,0.001,5,0.7205284574307901,323598.73429394996,20902.737691932452,-2.739624133410798,2.739624133410798,15.481165149904982,1.3890806942471354,82.46021543090515,1.870279309299082,2.236044112692708
Cube,105,0.001,5,0.9194973026597516,7466.514388903519,14467.317083578631,0.6614638354803297,0.6614638354803297,0.5160953026583284,2.844785964733864,72.96434249722763,1.6090605152642672,2.022089551122707
Cube,106,0.001,5,0.6119470607141435,538.2847277234209,12155.59335887177,3.1171570477373063,3.1171570477373063,0.04428288375824561,0.7823815346726988,75.10044073806652,2.0880059347961044,2.2807913617317195
Cube,107,0.001,5,0.7751061368558056,5536.277716856817,19110.96921530458,1.2389400919947793,1.2389400919947793,0.2896911011935081,0.0976729639369931,83.10055786744664,1.576786796384092,2.7203914709084116
Cube,108,0.001,5,0.9125444554610596,4578374.674809105,6774.70143640514,-6.515904042262109,6.515904042262109,675.8046413981201,2.522202946050044,74.33380955527099,1.3933925410640688,2.373628184524795
Cube,109,0.001,5,0.8590094665872317,4625928.6680620415,14206.424019155435,-5.78573816486249,5.78573816486249,325.62231437162546,1.0910234000240737,61.23411610537348,1.3565417267356985,2.270169923624035
Cube,110,0.001,5,0.4938384755372008,490.8127322177731,29294.371752386895,4.0890880319269405,4.0890880319269405,0.01675450616816119,1.1160510501632268,56.569356052183316,2.077339578597767,2.073936320971808
Cube,111,0.001,5,0.5674753474574873,339.1972605753299,49687.936149438596,4.986935621457414,4.986935621457414,0.006826551611143188,2.3330670094546755,86.54176683492571,2.027362910258335,2.393108369593352
Cube,112,0.001,5,0.33728544513123204,1701.4827179515873,2402.7745252913824,0.345124063886427,0.345124063886427,0.7081324943484866,1.3427301907041695,13.89078961101892,2.028288300006988,1.9257990962317155
Cube,113,0.001,5,0.5795200472797641,3925326.691791582,7531.800052511963,-6.256070796288146,6.256070796288146,521.1671399166298,1.0662156859228296,46.46877953988828,1.8328249724505752,2.4876629506937897
Cube,114,0.001,5,0.4099796117911247,11628.796727085957,8963.581190354605,-0.26031466477362564,0.26031466477362564,1.2973382490917018,1.3918433612699865,26.832538685274216,2.342078708401412,1.9834736741883257
Cube,115,0.001,5,0.9255134508947254,79839.08847850813,15277.023528131356,-1.6536632456017344,1.6536632456017344,5.226089253020469,2.229989139294783,88.43474870678915,1.3574826738140429,2.232420043249711
Cube,116,0.001,5,0.4088485017348677,1019745.1946436074,84305.98989037685,-2.492855148961443,2.492855148961443,12.095762068265646,0.7453043378136078,35.43292089033922,2.300440249902677,2.6213985263332584
Cube,117,0.001,5,0.5894381165466063,3545.500324390304,15600.273008140983,1.4816091293687776,1.4816091293687776,0.22727168444680992,1.029516349534952,68.12315939938156,2.1685318224606633,2.0102668610766443
Cube,118,0.001,5,0.808644372484052,1825.7385211854807,4802.959919290988,0.9672478033950318,0.9672478033950318,0.3801277861704488,1.2699473648173145,87.02412837841347,2.102438505413256,2.293581159798883
Cube,119,0.001,5,0.5526561035607167,10408.968984794921,792.2328094271087,-2.5755678159422555,2.5755678159422555,13.138775446982574,2.142609783620825,27.00885355220663,1.9841030770700654,1.656664381518351
Cube,120,0.001,5,0.45480291429585823,1959.4374553321172,3410.272907875765,0.5541349002674103,0.5541349002674103,0.5745691058351798,0.793941434338477,50.222408540851255,2.5165231966250565,2.832261235423089
Cube,121,0.001,5,0.2779677806762391,864.4192945384602,9093.285228070865,2.3532335874157244,2.3532335874157244,0.09506127574993557,0.12414032463919687,25.352330567246366,2.489347356757888,2.710457967674462
Cube,122,0.001,5,0.2678453370909656,718.3736334120943,4912.318361278518,1.9225114661966973,1.9225114661966973,0.1462392256728908,0.12105169114778308,35.75901253215747,2.832256279610297,2.8197410888206376
Cube,123,0.001,5,1.2607263234321178,40121.80450431857,540.3589188497245,-4.307441635436143,4.307441635436143,74.25028643873752,3.8984385507063206,78.80573778955055,1.1222706330492023,1.597559286225498
Cube,124,0.001,5,0.9505213370233675,1731.582062308457,17864.804760257182,2.333797085293841,2.333797085293841,0.09692700735026274,2.2831251891165554,85.6289788734371,1.4334809332787477,2.1520048079633427
Cube,125,0.001,5,0.24770848227144635,569.4397611114882,8751.064369495605,2.7322776119349257,2.7322776119349257,0.06507091447029427,1.6505789015158492,15.31610003404679,2.340738416368194,2.4132869542237905
Cube,126,0.001,5,0.11971137634573292,4833.784220231447,4374.956551616438,-0.09973305465073601,0.09973305465073601,1.1048759372125612,2.4688687975583776,7.63474695002111,2.0037695279649976,2.146830039878512
Cube,127,0.001,5,0.6309921356513684,256.47576674885653,11686.459199483414,3.819151933645937,3.819151933645937,0.021946405012066763,0.3601669950936789,74.67102110333325,2.087967645002607,2.5312235640202814
Cube,128,0.001,5,0.36797854639339184,211079.02851314793,19947.914124839834,-2.3591080233450654,2.3591080233450654,10.581508782931094,0.41261750188250523,19.899584091465705,1.920951748891244,2.570051901825478
Cube,129,0.001,5,0.3465956915150043,101.53747416364786,4423.1861342583215,3.7741876263169942,3.7741876263169942,0.02295573170145905,0.07958023298685857,23.10292932217255,2.859949053289036,2.24088504380154
Cube,130,0.001,5,0.6328921275435642,3724630.764191143,9441.73713229403,-5.97758302071389,5.97758302071389,394.4857510861649,1.5206965523170384,81.55901484353275,1.8401943983989786,2.6023304873484325
Cube,131,0.001,5,0.5083147572100561,4382.528169980893,965.9173466755825,-1.512302776504158,1.512302776504158,4.53716685497401,0.9090216774467764,38.40018061387936,2.1115848986992893,2.470946084218192
Cube,132,0.001,5,0.8247782447757943,2324.080391110235,1161.4014864070364,-0.693696976295409,0.693696976295409,2.001099893801681,1.7173896539484774,71.95491524647495,2.055248732136702,1.8097318699538674
Cube,133,0.001,5,0.4583530999766368,649.095435728967,15076.032114971309,3.1452817282667294,3.1452817282667294,0.04305479258593383,0.775690441059971,69.57104532473797,1.9792228258548274,2.5613497786227644
Cube,134,0.001,5,0.9174322153959603,549.9016176501797,12383.084617806413,3.1143472913503025,3.1143472913503025,0.044407482838277765,0.271534064934297,79.85423832826218,2.1040844845339692,2.1392087608479926
Cube,135,0.001,5,0.8481206166340846,1883.6807800177392,12398.617096210892,1.884357217452398,1.884357217452398,0.15192668387133318,2.3824713203973023,72.26418177211225,1.9119409192627739,2.5323255873698316
Cube,136,0.001,5,0.35479802198617927,277.2357943419041,3173.485521909552,2.4377174093553036,2.4377174093553036,0.08736003124258326,0.058807202093941816,24.199573127512448,2.25193123015175,2.3217973362113367
Cube,137,0.001,5,0.8318106692481881,3172.331448927028,449.2462859886203,-1.9546508108990395,1.9546508108990395,7.061452810780466,1.641692840500794,87.93409995859892,1.818534084625441,2.494341452416639
Cube,138,0.001,5,0.1603920192893026,533.8751128872916,3262.5643776569605,1.810106843440896,1.810106843440896,0.16363665236567645,1.5976446390841839,51.339703958920374,2.433860264727602,2.767965632253643
Cube,139,0.001,5,0.7546726573153957,193.4196680983719,4063.822318713905,3.0450169931896243,3.0450169931896243,0.04759550318124741,0.8710477397723789,47.34965643239599,2.3041585180823136,1.6152290101369808
Cube,140,0.001,5,0.3390027650392666,1185.404173613667,9717.001745564832,2.1037933172838095,2.1037933172838095,0.12199279208267359,0.8302413782991743,23.80224201966621,2.3472573716114398,2.596062940624372
Cube,141,0.001,5,0.6924936401636467,547.4710526890647,38102.28610303116,4.242719973526834,4.242719973526834,0.014368456821951993,0.6515184420707489,51.62344161970225,2.0359905379562906,2.087387907364704
Cube,142,0.001,5,0.3940113732049474,151.66822926588353,1043.2037293930898,1.928356333039285,1.928356333039285,0.14538696995851458,1.1888892302761729,28.44322118539628,2.1350683578983185,2.5670467836807163
Cube,143,0.001,5,0.455975325630857,165.20961683890584,7885.756356295099,3.865598345529948,3.865598345529948,0.020950383117913744,0.034875541253549046,89.94223863108027,2.7488604497697278,2.9628958672871653
Cube,144,0.001,5,0.4427147647406088,707.5036193824016,1164.5220941661623,0.4983233169977126,0.4983233169977126,0.607548472396308,0.4266806402931584,34.76934360688324,2.18852732688307,2.697229901655127
Cube,145,0.001,5,0.404508872890126,517.0670122546426,18128.34206857645,3.5570593690929355,3.5570593690929355,0.028522575881383173,0.30248357398737247,15.926426099143072,2.3176743904067965,2.6180808638257926
Cube,146,0.001,5,0.38298806462923624,28055.378165841197,12317.334631897878,-0.8231727586715305,0.8231727586715305,2.277715025553249,2.17263351792883,25.84695868814334,1.7735735152228178,2.1928254525437447
Cube,147,0.001,5,0.5775645804215566,444.2200793802595,1623.467101042072,1.2959992132134035,1.2959992132134035,0.2736243186542698,1.7871026984770066,32.914760193955075,1.528733077512769,2.33094887129186
Cube,148,0.001,5,0.6808761927054363,3301924.1136159585,8967.286999244865,-5.908677464651852,5.908677464651852,368.2188507955654,0.010808119441083173,62.12239415884841,2.322263295109494,2.7259648594674646
Cube,149,0.001,5,0.5535126238612547,4811995.407163014,105538.9441294124,-3.81978709917059,3.81978709917059,45.59450018054492,0.791587770080984,27.203354476918634,1.1997540014368138,1.8997279262750337
Cube,150,0.001,5,0.4519391844179806,3252789.1995558,44474.714195351095,-4.292347315170927,4.292347315170927,73.13794497404126,0.053898758719898014,34.7450698191117,2.35355845346458,2.542828855269146
Cube,151,0.001,5,0.4841257226191661,107.11747394295679,29704.091773910288,5.625113965924951,5.625113965924951,0.0036061521341325866,0.05361195250315094,79.67465032341757,2.310805523050945,2.722672277981389
Cube,152,0.001,5,0.2942293863374479,15228.550672324192,15616.035211239987,0.025126284791415543,0.025126284791415543,0.9751867529962475,2.850039874312631,7.94958767419656,1.6346976322907527,2.523598316270013
Cube,153,0.001,5,0.13372489853699043,788.9612599073002,528.4531292612237,-0.40076310437406004,0.40076310437406004,1.492963550069741,0.06160111693356135,6.375565169675049,2.205321265099565,2.3272469042865542
Cube,154,0.001,5,0.5295295610545049,230.41409708394968,16390.09127364323,4.264554128373875,4.264554128373875,0.014058133858868541,0.3772350520270442,42.13083963631821,1.8038441732793136,2.6893740643687707
Cube,155,0.001,5,0.7546188899814403,637.2459167656322,3817.9235012266527,1.7903063320884316,1.7903063320884316,0.1669090322424985,0.09596699566407518,85.95242144570176,1.8283429328603045,2.2224640358348418
Cube,156,0.001,5,0.6863181767667064,111487.2729004505,17830.774467580253,-1.8329845728553735,1.8329845728553735,6.252519939790367,0.7071327530052162,71.4888808267384,1.8935462149075049,2.2604094760080007
Cube,157,0.001,5,0.3912775978993975,5228.308648052631,23387.269780353527,1.4981040163271047,1.4981040163271047,0.22355361259161047,0.807466931650939,87.86768882886655,2.102302849588172,2.2387636143085143
Cube,158,0.001,5,0.35681161395140554,798.5850789953713,8936.828420672009,2.415094531934119,2.415094531934119,0.0893588912536514,0.6296582061235915,7.21573791777218,1.5518630697154963,2.320266330900794
Cube,159,0.001,5,0.6611696259406743,417.74964355916137,5738.158176250122,2.6200112483688454,2.6200112483688454,0.07280204391858716,0.8860207509521274,88.9050247534377,1.6490515558231074,2.573896688195843
Cube,160,0.001,5,0.46190172974924826,976.1273881705773,14055.382634174686,2.6671676084682883,2.6671676084682883,0.06944865277428958,0.3225269739204267,56.201595923844366,2.513663329204178,2.746181035426677
Cube,161,0.001,5,0.713318895837444,4958278.049442553,50735.98015946314,-4.582178465249806,4.582178465249806,97.72705748186374,3.320688501689396,30.24492264974509,1.052256086024667,2.275038401396919
Cube,162,0.001,5,0.5478233394765607,309.08026697683255,6225.899075652456,3.0028721338835407,3.0028721338835407,0.04964427839595871,0.3461194926820064,47.31460170695681,2.8366665592015017,1.9855613710730804
Cube,163,0.001,5,0.8188997627743007,361.0555632233459,24163.836462883795,4.203580572200521,4.203580572200521,0.01494198008573413,1.3338279770626413,55.46804494840083,2.087339597454604,2.195017014900757
Cube,164,0.001,5,0.7825316438841898,274351.559771663,15384.516256199187,-2.8810487831051557,2.8810487831051557,17.832966289148874,0.6433608254993446,57.83559264227838,1.6248450019526888,2.3460425668111307
Cube,165,0.001,5,0.4957639777864447,148.75105994865012,11517.331436544011,4.349334091176877,4.349334091176877,0.012915410203154285,0.6388643045056824,44.80894580480178,2.355805169060628,2.833443925904564
Cube,166,0.001,5,0.7945072255204089,48056.704031649315,3982.1465029416127,-2.490560651413176,2.490560651413176,12.068040187911171,1.4564054808577034,54.24328667251563,1.9359392129518125,1.9138584374997372
Cube,167,0.001,5,0.7091752430741527,4758749.528040497,48346.22573608407,-4.589352050968399,4.589352050968399,98.43063146268973,4.4145139781392055,41.37567744655956,1.2191901630262223,2.452729225975813
Cube,168,0.001,5,0.6569038713240742,1177.0308125301085,8608.895098282708,1.9898009756737673,1.9898009756737673,0.13672263386795144,0.5428006072738296,82.74369604058867,1.7995931798653697,2.69107039445079
Cube,169,0.001,5,0.7939730461624217,4941754.095851287,13799.647372128125,-5.8808325881954335,5.8808325881954335,358.1072735113803,4.59664172522029,43.30932753224729,1.0664903220731938,2.6235421533974264
Cube,170,0.001,5,0.7153582093765787,573759.2509951377,13331.273930878246,-3.7620971866513067,3.7620971866513067,43.03859135818832,1.86533572587941,71.98236100857204,1.6609060462111254,2.2931373400501265
Cube,171,0.001,5,0.5522856079917913,189.299658869606,33303.79478521512,5.170095370838489,5.170095370838489,0.005684026702976312,0.8140731944349209,59.50515194335834,2.066664609897826,2.065800120526974
Cube,172,0.001,5,0.5284454141483454,3732.265330386301,16379.42048691317,1.4790103220012085,1.4790103220012085,0.22786308791378218,2.001912115107157,88.81667634282321,2.0288951658742365,2.071670115759046
Cube,173,0.001,5,0.5574763312280181,177.97005765509255,3829.4086200861443,3.06885034224299,3.06885034224299,0.0464745539876831,0.1938890462535334,54.273776089811015,2.741548548258784,2.1188151377260738
Cube,174,0.001,5,0.6896108554334239,450.0401244650265,18191.353645510673,3.6993649414915923,3.6993649414915923,0.024739232342728328,0.5107814050006036,82.46297817002254,2.177718829131963,2.5201905282404287
Cube,175,0.001,5,0.6374788571158312,2586.274792909954,11179.406596188383,1.463854852590555,1.463854852590555,0.23134276141201843,0.9882520835840747,89.45012150398229,1.6361319246495662,2.197322802307476
Cube,176,0.001,5,0.8178715902392599,1640.0722532645686,5554.0421384551555,1.219785678167856,1.219785678167856,0.2952934479753067,0.7694759760374671,79.2255628133749,1.3154316683067049,2.702506166577422
Cube,177,0.001,5,0.848201971538547,328.4619611705627,107531.63763257433,5.791119351113444,5.791119351113444,0.003054561135699308,2.3102820805631503,64.17018452885782,1.7347735892591254,2.28552172931655
Cube,178,0.001,5,0.8169495979584486,5637.509771750264,58629.355068351615,2.3417930727120506,2.3417930727120506,0.0961550705304179,0.8630223771071396,81.27391314499998,1.8285148014962906,2.4563683992300094
Cube,179,0.001,5,0.7439975929645087,213.88095548668161,11728.618505015407,4.0043675827364,4.0043675827364,0.01823581825900651,0.767545227651357,67.22133776489633,2.708286360939071,2.1345274752989907
Cube,180,0.001,5,0.7172522530112357,12983.66666156713,27944.35891912825,0.7665231947835345,0.7665231947835345,0.4646256762999008,2.472725282061188,54.02776906026107,1.7469467518072983,2.312009800855471
Cube,181,0.001,5,0.4372927375893729,1717.9752363604655,5473.709811886296,1.1588101879029242,1.1588101879029242,0.31385939251471456,0.7100861974165663,34.340124395524505,2.2179132306961864,2.353903178866183
Cube,182,0.001,5,0.5735434345635598,764.1532568142286,614.4720197475178,-0.21800497236891037,0.21800497236891037,1.2435932512081083,1.9104003752459906,74.08033726294757,2.251217536052327,2.5073662420382155
Cube,183,0.001,5,0.5036824436421049,636.9696784552639,21312.89776205831,3.5103456432760654,3.5103456432760654,0.029886582555151715,1.083758931570079,73.48498464575715,2.0676697720241135,2.616216352118442
Cube,184,0.001,5,0.6564699089653961,2990.040500905149,29645.857457724505,2.2940354681707262,2.2940354681707262,0.10085862772459854,2.657916052236614,28.443492904706204,1.2371557929415375,2.143327818941627
Cube,185,0.001,5,0.4500248248035838,10410.246682372614,13691.505264644504,0.27398500782595825,0.27398500782595825,0.7603434743771332,2.520001345247188,71.1701523404052,1.9049087041836201,2.6887208417184216
Cube,186,0.001,5,0.9163702886907628,4456917.610456135,73240.83401050427,-4.108459580244661,4.108459580244661,60.85290631476042,1.782288293586523,78.35466625369216,1.446244712639515,1.944926801992527
Cube,187,0.001,5,0.8517288831532892,5494.879371778369,863.6443649031402,-1.8504108448641068,1.8504108448641068,6.36243295861096,1.526222507265713,85.56005842971503,1.2192498772687872,2.606063968580338
Cube,188,0.001,5,0.9931849822250712,536.4346073642572,44448.059354238845,4.417131913759929,4.417131913759929,0.012068797044411331,0.7974184148762721,72.99575892235728,1.824130289934895,2.099137803313091
Cube,189,0.001,5,0.7999277695518988,4381918.3301834995,27563.385974562585,-5.0687535855229395,5.0687535855229395,158.97605374852856,0.7525729375098994,74.9099047056963,1.5641737487994984,2.5965718122037127
Cube,190,0.001,5,0.5970080548591761,109700.7451594979,77681.66572468662,-0.34513689279006243,0.34513689279006243,1.4121832241379946,1.236691070078491,68.75088435024064,1.9567514190619093,2.20437722601638
Cube,191,0.001,5,0.24048078424962574,72686.97904074984,15470.182089349615,-1.547247828146741,1.547247828146741,4.698521234006088,1.020429469082719,40.922705011835916,2.1091791542819887,2.2429926013417663
Cube,192,0.001,5,0.7145464258864205,4432712.463135306,12662.477556360194,-5.858123872701174,5.858123872701174,350.0667577419565,1.0337149354656452,61.83248313572183,1.5008086760866897,2.2852758629191
Cube,193,0.001,5,0.8048794149855556,103676.82328068986,67302.6747333574,-0.4320786131820853,0.4320786131820853,1.5404562105657926,1.8338645340228938,56.30329930436798,1.2861612395453024,2.2405560850988486
Cube,194,0.001,5,0.2650351118546905,413.9772800017258,1921.1435507064507,1.5348647939527105,1.5348647939527105,0.21548482405153763,1.3019987327230407,17.93419098498172,2.9892602027750397,2.939951324419126
Cube,195,0.001,5,0.6193475076195574,16405.109185356327,18008.924290459,0.0932746069399144,0.0932746069399144,0.9109433145902911,1.8441153920223643,30.7308947720464,1.5019075326459728,2.5400609192502235
Cube,196,0.001,5,0.5415969743741015,4534922.210460683,20328.211887383688,-5.407553539862668,5.407553539862668,223.08515060664018,0.11039124285237736,14.8815538642682,1.452335557838598,2.1261396186075934
Cube,197,0.001,5,0.9713906929559815,4963312.66758188,23569.624341478404,-5.3498698944904035,5.3498698944904035,210.58089834920793,5.13805368701527,60.21028271518008,1.0459314755775277,2.3076517238509147
Cube,198,0.001,5,0.5831200361592856,3322660.5170862847,6727.473696894534,-6.202321407738463,6.202321407738463,493.8942412543443,1.2994866251178538,78.91239322674322,2.1039957347178393,2.483234558073208
Cube,199,0.001,5,0.5535199908446342,612.7965767529718,36534.620028153,4.087982551784299,4.087982551784299,0.016773038183530046,0.07493594908523178,59.41669467663162,1.850648139168865,2.6983143940647025
Cube,200,0.001,5,0.539581978864187,2953.9535982460043,45823.68260574055,2.7416565690612584,2.7416565690612584,0.06446347020298078,0.6723394234334649,71.18989358759586,2.0314831045203157,2.6705100264221753
Cube,201,0.001,5,0.5644529528719772,98100.21518076565,16955.695172484073,-1.7553857842844742,1.7553857842844742,5.7856793356349066,1.7097999139269935,20.231956343557872,1.270907175337342,2.331761258714049
Cube,202,0.001,5,0.5368977071074825,510.81957975434625,2791.7133750341213,1.6983943442696754,1.6983943442696754,0.18297708651702213,0.43169304835829214,39.53022278741989,1.894180961550581,2.8336013146459864
Cube,203,0.001,5,0.9593191110344983,4826856.662457375,9406.338517040966,-6.240566967911249,6.240566967911249,513.1493677069791,4.071659993043764,80.62038890407143,1.1651582963728468,2.3709758853940017
Cube,204,0.001,5,0.5964518546516626,2552.9478424796257,35651.54568625843,2.6365437950224413,2.6365437950224413,0.07160833544066048,0.4398505216039105,26.356489389603304,1.3041284101488524,2.074072921658943
Cube,205,0.001,5,0.7586857227452665,17611.395676911485,26147.002119739856,0.3951883680855186,0.3951883680855186,0.6735531513808094,2.3549832534545874,46.969074464664594,1.2568450034616072,2.631910940885859
Cube,206,0.001,5,0.59179330360582,512.9257151489263,2650.30676411758,1.6422996424173366,1.6422996424173366,0.19353447008226046,2.2130131427130544,76.14899835458927,2.402272088125166,2.3010480454952376
Cube,207,0.001,5,0.5198269687443076,3875691.0166941257,7082.086369320217,-6.304910703551117,6.304910703551117,547.252718278574,0.16133268117980779,40.16324147895474,1.9436080106122644,2.763561786375511
Cube,208,0.001,5,0.19868291701546772,688.1919718010234,1080.1601863995222,0.4507968020675195,0.4507968020675195,0.6371202905514977,1.2054432178216068,18.617633671201865,2.307133391956743,2.4392354479711162
Cube,209,0.001,5,0.5986630285464634,826.9045707508063,22616.131792934804,3.3087294304899464,3.3087294304899464,0.03656259957810859,1.691167747816588,39.41897913876534,2.196072239353691,2.282447206520956
Cube,210,0.001,5,0.13561529063441166,8787.002962004672,355.2921747241975,-3.2080884942190044,3.2080884942190044,24.73176609877703,1.6739983564412584,1.8452379968838362,2.200555446400951,2.380748390703764
Cube,211,0.001,5,0.7084787469644057,4502982.973446909,7461.456340641591,-6.402744724048844,6.402744724048844,603.4992054995673,1.7295225153592546,50.75169358271018,1.4038258758145812,2.3667290623984085
Cube,212,0.001,5,0.2792941520507234,384.88337843724406,5559.589077090181,2.6703391022648892,2.6703391022648892,0.06922874570411366,0.10240372677410661,7.912020501413978,2.0538047935603894,2.418714595615704
Cube,213,0.001,5,0.8376805964910952,675.7377968318093,16510.02232210432,3.1959177626576203,3.1959177626576203,0.040928945076415965,0.3854137506259417,58.16099263948527,1.3557541715178751,2.0367453854732247
Cube,214,0.001,5,0.5742894924580059,1024.084777580535,6165.852863545333,1.7952271528375334,1.7952271528375334,0.16608972031027217,1.2112109284725463,67.78376606799395,2.6051438627274592,2.707317422983455
Cube,215,0.001,5,0.7356609116779285,1819.2611748544118,9832.498377644859,1.6872625895371982,1.6872625895371982,0.1850253216405994,1.8321112003403166,42.68941393958856,1.1471229901105935,2.3676427435911602
Cube,216,0.001,5,0.308120450401964,472.1176315686689,1572.5382931002364,1.2032181660504575,1.2032181660504575,0.30022647692597415,0.6506873408657293,39.299555130068164,2.7309423647400246,2.507383187422748
Cube,217,0.001,5,1.016772518555509,4958403.762923187,13672.180599349276,-5.893475990774192,5.893475990774192,362.6637116802846,3.5519170721319666,67.09019569983585,1.0524347578048034,2.474266375426182
Cube,218,0.001,5,0.38747941559553517,344.8917982021778,360.872877663814,0.04529501744160935,0.04529501744160935,0.9557154875004932,0.49598485696965505,19.538357735306406,2.0154450266870243,2.666200254464286
Cube,219,0.001,5,0.5374879629272004,235616.3901242999,3540.7598423535046,-4.197863668102698,4.197863668102698,66.54401897183975,4.139380960826894,8.009617317050672,1.108435953231597,2.2447669736523777
Cube,220,0.001,5,0.45763221057173076,152.86316127138113,50643.846106373785,5.803029853472914,5.803029853472914,0.0030183955805864935,0.4599024442799138,83.42274369229678,2.8378281402108683,2.7697286919722495
Cube,221,0.001,5,0.42721486692395555,3708756.5416242853,11689.381174419803,-5.759771097675955,5.759771097675955,317.27569546113017,1.0415669933058254,24.30562504592675,2.147211187735614,2.5966792108286745
Cube,222,0.001,5,0.407200065585187,4218.369631768111,2278.241001245044,-0.6160450556829904,0.6160450556829904,1.851590604094474,0.8149145878135478,40.4098044765916,2.0354139335816104,2.526371516497049
Cube,223,0.001,5,0.35901975247178713,1115.2552877367455,392.8126037709644,-1.0435059523400314,1.0435059523400314,2.8391535226476914,0.6449451978265685,15.587600527185064,1.8647342048711748,2.675360801144542
Cube,224,0.001,5,0.3646521629470764,161.1342765689001,2507.5496618243096,2.7448232916114392,2.7448232916114392,0.06425965516139392,0.8221520908674177,26.246525719913397,2.6754734551559674,2.254604471658924
Cube,225,0.001,5,0.7358634992330291,370.3354235861307,2611.558247221413,1.9532932065496587,1.9532932065496587,0.1418063043319642,0.3663956974421914,67.9605210175023,2.37088931360924,2.470393175087984
Cube,226,0.001,5,1.0182116854362193,8938.413994445513,19701.39694885051,0.7903313764348425,0.7903313764348425,0.4536944267277976,2.2840884917998943,70.78934890215328,1.4763519830098835,2.292565736908087
Cube,227,0.001,5,0.7312978992780083,5117.6676469506365,985.3733655145959,-1.6474334559056238,1.6474334559056238,5.193633018767474,1.1302842131046755,49.9181015411768,2.291319988953481,1.9067754682839444
Cube,228,0.001,5,0.5909350837569864,3863399.6311856294,61386.16431927515,-4.1421183353671935,4.1421183353671935,62.935999895542075,2.533605787339763,43.048337324746456,1.7756143247642822,1.975450362401365
Cube,229,0.001,5,0.685565226888035,548.1055016503984,40948.38522930173,4.313599866085813,4.313599866085813,0.013385277553220502,1.2112012531402379,85.94607039494083,2.306980223549437,2.371119302985598
Cube,230,0.001,5,1.021430580869194,1175.417108254118,3201.00983793627,1.0018432640258776,1.0018432640258776,0.3672019668055515,0.2098105510357215,82.71025398535703,1.4594821975602865,2.279839728392962
Cube,231,0.001,5,0.8716273198514486,4684266.587866688,6200.520327066964,-6.627331425422351,6.627331425422351,755.463467705861,2.840354755728169,56.00917351911007,1.3180943103913767,2.3071880338761996
Cube,232,0.001,5,0.3797555388069671,1029.7171272313701,3211.5070155447793,1.1374561714536577,1.1374561714536577,0.32063362223628694,0.6029585774779598,28.718612992725696,2.0754182266402394,2.658960982892952
Cube,233,0.001,5,0.545956223033159,426.8568204719417,19811.882851069826,3.8375885387177053,3.8375885387177053,0.021545494877024864,1.1900840183085104,32.37094941191389,1.621943309159387,2.486885271101896
Cube,234,0.001,5,0.7458455524196039,4432481.184591271,58418.64342356396,-4.329079717470439,4.329079717470439,75.87442851853983,1.0715232620284314,59.981550654514805,1.505237824056416,2.335794762673004
Cube,235,0.001,5,0.6920984217963357,2149681.3835029695,37714.19476249687,-4.043038373932751,4.043038373932751,56.999265052335694,0.925586779927863,64.7167162607369,2.1956967586653633,2.1618794366593614
Cube,236,0.001,5,0.9899699530255239,63968.5070691707,17623.153596389628,-1.289177302483786,1.289177302483786,3.6297991003310344,2.2457995140275924,84.54918576015365,1.0926128502288752,2.3117656114351215
Cube,237,0.001,5,0.9362921472483143,2921.156313642869,27490.45492661185,2.2418593151272104,2.2418593151272104,0.1062607483739774,1.2841131598993147,76.90840397329751,1.6100995796378326,2.0309495042025496
Cube,238,0.001,5,0.6439738307018514,932.7365399308346,654.605682169898,-0.3540897390764517,0.3540897390764517,1.4248830484315134,0.3337820819493728,76.96976251675012,2.2455818921354087,2.5767085492468285
Cube,239,0.001,5,0.9207638201461067,5103.564898016753,38043.915361514024,2.0088018647101524,2.0088018647101524,0.13414930743904505,1.817166422092554,84.10706424521268,1.492234648305161,1.9573341340934431
Cube,240,0.001,5,0.5549934749723406,4250884.583496308,280.49735164156533,-9.626073373181153,9.626073373181153,15154.811831978785,1.9641996826420867,40.99215312144016,1.6147964810509907,2.464171846912281
Cube,241,0.001,5,0.9321002918460001,81.87928508775725,76052.40603147908,6.833931905146184,6.833931905146184,0.0010766166300362192,1.0495419925633076,87.16932645258382,2.078608131000439,2.1046281475627406
Cube,242,0.001,5,0.9322986873169957,5952.119867258298,9687.087702310138,0.4870463976959467,0.4870463976959467,0.6144385237514531,0.10261224551483303,61.82531762849333,2.010235158625722,1.7069681287285876
Cube,243,0.001,5,0.5542196828921401,119.23868344537355,4683.852450554741,3.670748995953252,3.670748995953252,0.02545739531808934,0.2568888832622745,64.16352907741447,2.3438629485747975,2.499558847107575
Cube,244,0.001,5,0.5890464770913395,2719.85271279958,1562.1831725175873,-0.5544934166565785,0.5544934166565785,1.7410587699624958,1.5081701341450269,56.28286281849265,1.8073576447319166,2.428117139848533
Cube,245,0.001,5,0.7531219456086777,4319726.834314284,14132.47310335981,-5.72247224005214,5.72247224005214,305.6596536728823,1.8862784993306583,62.277147290957714,1.5128562675774304,2.1966384091670914
Cube,246,0.001,5,0.4437181807153962,13376.698361021636,602.9014914992973,-3.0995157245987963,3.0995157245987963,22.18720396222013,0.7728726491650117,87.47623282918977,2.2548396563982265,2.710626854497545
Cube,247,0.001,5,0.7797950908435806,96964.50429611889,4703.022385584677,-3.026139613637504,3.026139613637504,20.617487297812282,4.600074567726476,55.219593319255054,1.2302841311739685,2.55892730106206
Cube,248,0.001,5,0.9791947242537458,3479.1208400774276,3040.107478460097,-0.1348867601580679,0.1348867601580679,1.1444071845248391,1.1584872902546752,67.9024191495419,1.6772150889463802,1.8581422091571775
Cube,249,0.001,5,0.8195807512962562,1646.090519532432,2991.42127912423,0.597345524267654,0.597345524267654,0.5502703785052777,0.22825378808826605,72.71998546405688,1.7549572131770965,2.330728517684855
Cube,250,0.001,5,0.3856046927384576,31837.41108866082,2340.65621823473,-2.6102107224427735,2.6102107224427735,13.601916778992805,0.2517611804713524,68.93294590515598,2.7280660822773277,2.8990558507873834
Cube,251,0.001,5,0.5485143970765629,56.90074960264531,1562.1544508833983,3.3125126906368934,3.3125126906368934,0.03642453508388235,1.169803198801372,33.46487038571897,2.779290026826913,2.420859364505005
Cube,252,0.001,5,0.4763514832355963,264.5562696986901,640.0450567832997,0.8834846065455126,0.8834846065455126,0.4133400717572622,0.2743128557238297,54.54830981250233,2.3451986974613197,2.7774349009822106
Cube,253,0.001,5,0.9810283272853068,3750.0282891475144,20031.587951081787,1.6755470414449416,1.6755470414449416,0.18720574216608712,1.9939498438604686,77.86341667871343,1.4523193499100067,2.2067460115302873
Cube,254,0.001,5,0.35945756615736996,3030636.8413354703,934.7776364627056,-8.083974655020146,8.083974655020146,3242.093866091738,0.9225127286132654,41.985384013434015,2.5758776814906525,2.567002203786164
Cube,255,0.001,5,0.5956078756961695,16493.548680684726,33894.565269117214,0.7202853695881419,0.7202853695881419,0.48661337148680595,1.1648924949723392,78.09428096973983,2.1994997915639276,2.5724684760065246
Cube,256,0.001,5,0.830300773169608,10457.672652975962,1504.6856867623005,-1.938751903780192,1.938751903780192,6.950071197578946,2.1566262405416317,61.33061181981924,1.2823013064914583,2.624033424119656
Cube,257,0.001,5,0.4958394155840998,3263420.579958055,9426.218105107806,-5.847036215026229,5.847036215026229,346.206775991073,0.26862474726737523,55.6085044450185,2.0915661707600752,2.0649268709151247
Cube,258,0.001,5,0.5030986401256149,715.7150899330408,67559.79649436769,4.547486190014569,4.547486190014569,0.010593801744099515,2.432222578551851,39.00762080340994,2.3044689651365653,2.336018539696392
Cube,259,0.001,5,0.6654199415013784,4558953.319362637,75447.37995526603,-4.101412881899115,4.101412881899115,60.42560155257497,1.701085851169354,39.780639171560836,1.3752579317394023,2.310083576920776
Cube,260,0.001,5,0.6448725579534298,21056.66134599235,2866.4714419709076,-1.9941351529245939,1.9941351529245939,7.345847245390439,1.2819322113251759,39.04175539462796,1.445187787330952,2.325735021546426
Cube,261,0.001,5,0.5108479864845036,956.8097046643522,9137.923287101896,2.256583901175196,2.256583901175196,0.10470756588807015,0.5515789492436513,24.31529050072527,1.4295890511930163,2.0995331656343423
Cube,262,0.001,5,0.2847484053890195,4077264.0948991007,12253.78875950968,-5.80734630183113,5.80734630183113,332.73497486521444,0.40157015727811823,4.146863578407971,1.810096638927954,2.079956379924019
Cube,263,0.001,5,0.2398533176558511,421.82685122982366,39404.58849202622,4.537042622998436,4.537042622998436,0.010705018561865787,0.2596723866706538,14.769633371795942,2.308348632180088,2.2156559414903594
Cube,264,0.001,5,0.4098968083696573,2398.3062236853148,6837.703306768977,1.047689153314625,1.047689153314625,0.35074733665485514,1.2969386446993023,3.8835683794919786,1.4171536180994024,2.1308702454356814
Cube,265,0.001,5,0.3640052977884947,211.54356914352402,15197.530375287366,4.274457240374077,4.274457240374077,0.013919601666828318,1.1249617117241988,17.078745469898973,2.336248671402643,2.110804166552722
Cube,266,0.001,5,0.43627201038146396,35858.48303639065,34220.66260320958,-0.04675053357886938,0.04675053357886938,1.0478605704445787,0.9349566096972439,26.46279843497543,1.816939230176354,2.6057115213789452
Cube,267,0.001,5,0.9711177207577906,11177.753647954502,122510.01066698997,2.3942672247810517,2.3942672247810517,0.09123951248635652,3.7521391261168633,58.87895634839686,1.2056580096219858,2.0961892265294173
Cube,268,0.001,5,0.3225007074250569,549.2980665878807,1042.1925208808318,0.6404407456013139,0.6404407456013139,0.5270600734340614,0.6292126643768567,60.02330966646241,3.002044861471996,2.647715966620473
Cube,269,0.001,5,0.7007374050467063,346.1959948779713,42382.865217712424,4.807494363451723,4.807494363451723,0.00816830087110984,2.3052610110859817,64.24514384392094,2.2303731257957113,2.1325389341321768
Cube,270,0.001,5,0.3366375947272463,137180.05230095139,6425.233091240905,-3.0610614044133673,3.0610614044133673,21.35020634316907,0.22140200941875215,32.71326171801097,2.5079371113301856,2.503720466303357
Cube,271,0.001,5,0.40583688406635865,2721526.55945022,9989.39745753915,-5.6074239606677025,5.6074239606677025,272.44151321621933,1.9711292907356464,74.46666513901005,2.479162261411665,2.4183348240352487
Cube,272,0.001,5,0.8527477012948174,33270.74498393753,3390.600882662849,-2.2836713246346054,2.2836713246346054,9.812639745969733,4.3707638266475355,42.15604527887807,1.101377909691212,2.5311574247987516
Cube,273,0.001,5,0.8682747687091639,866241.392308898,18942.76951070895,-3.822741311171953,3.822741311171953,45.72939515624599,3.130986429951825,84.5767825680226,1.5686060975622718,2.690069585618692
Cube,274,0.001,5,0.6665256578235901,4262.8170188874055,15658.26092334007,1.3010684184699297,1.3010684184699297,0.27224077052728674,1.8948103808355994,51.32977988527943,2.0293284762932435,2.0447744115916473
Cube,275,0.001,5,0.6128658890474793,2244.7441361389674,4031.8194158632864,0.5856261978741006,0.5856261978741006,0.55675711251029,1.576753020788422,88.5357312087138,1.9362540173076292,2.647184459551539
Cube,276,0.001,5,0.5205359214199706,362.50952069561066,994.1035518173315,1.0087906401714148,1.0087906401714148,0.36465971782607864,1.054211945988307,80.16302092300836,2.3580332923472116,2.612322427550287
Cube,277,0.001,5,0.39268331241630705,944.3085316206319,12070.978952691217,2.5481064699829803,2.5481064699829803,0.07822965604708464,0.602590072898832,83.51655934744332,2.907241839557994,2.776240063646321
Cube,278,0.001,5,0.4728292122291511,810.3229527059881,13944.726891416414,2.8454238399255782,2.8454238399255782,0.05810963233742334,1.221689647891752,68.65543369039887,2.4447724074960973,2.6013271950418253
Cube,279,0.001,5,0.5439054115440097,4042.8827219304517,153.59238282862552,-3.2704110330108342,3.2704110330108342,26.32215639522565,2.5703684969854845,51.11925601692766,2.3571014975889737,2.6948716464426212
Cube,280,0.001,5,0.6250218409157181,2584.672853176346,24305.069982317378,2.2410860257112475,2.2410860257112475,0.10634295046493461,1.4036490848968883,55.002871527261725,1.5899562930902373,2.5931510303582774
Cube,281,0.001,5,1.1068317385713162,953.501794393721,3175.3746580754614,1.2030395999676173,1.2030395999676173,0.3002800919786963,3.353362787629314,81.21255277391523,1.3445480657865003,2.234800093558329
Cube,282,0.001,5,0.8563272107983422,78.54406933958255,34180.736815934506,6.075757653241932,6.075757653241932,0.0022979045116127096,0.7604832505522855,68.4094867805529,1.7052374845384808,1.9669071320458738
Cube,283,0.001,5,0.48282470586608905,3252162.046114048,18469.137881574134,-5.17097418267077,5.17097418267077,176.08629417178105,1.1525630820679011,47.50978447063191,2.0618184808730744,2.6025773021329055
Cube,284,0.001,5,0.5448369589650631,1425.6648969275996,6428.218265362891,1.506059103472353,1.506059103472353,0.22178227901959965,0.4923532098324081,84.36458062357974,2.1378220047224885,2.631438106440905
Cube,285,0.001,5,0.3313463257726982,349.88013003843656,8645.775338339135,3.2072354702102928,3.2072354702102928,0.04046833468907243,0.340427648944053,64.27649676966027,2.9326551083503505,2.68353440034354
Cube,286,0.001,5,0.3258775291534406,290.3027716304272,18167.855862459786,4.136484731705065,4.136484731705065,0.015978923095172688,0.04193287942591655,19.18388724219979,2.1917684081400637,2.870153996399859
Cube,287,0.001,5,0.7766338099404624,4293018.004938234,25809.819730479194,-5.113990233015617,5.113990233015617,166.33273884778615,2.3033678414282517,71.49633789516037,1.5292339355162683,2.490060821447665
Cube,288,0.001,5,0.66084601202133,5450.886957023243,1181.0172822432248,-1.5294021691659907,1.5294021691659907,4.615416758906208,1.5771735943621157,77.38952450527592,1.5855680164451094,2.5831385007239493
Cube,289,0.001,5,1.1332807110498173,7160.906328161348,627.8578866928176,-2.4340779883048134,2.4340779883048134,11.405298045837649,1.8669383860596047,81.01572012951617,1.3462467538024738,1.868342736568281
Cube,290,0.001,5,0.5773684069145368,2215.838419826196,15022.72363155931,1.9139331125703976,1.9139331125703976,0.14749911362086338,1.2244940808857212,85.47593630408802,2.3585057225930015,2.4403570579270393
Cube,291,0.001,5,0.6929212036677231,1175.6771855400755,57488.69623876222,3.889744031623489,3.889744031623489,0.020450580069814935,2.2029395450545466,41.50101867824784,1.7582823392678688,2.0947100703804122
Cube,292,0.001,5,0.8101128129571681,4691627.211322961,12428.025108410586,-5.9335807428010945,5.9335807428010945,377.5038407468241,2.074033518865662,51.81247202267574,1.2918196922601946,2.242368240380416
Cube,293,0.001,5,0.4381663379602468,785.2431697291726,1367.9618259723948,0.5550837526330934,0.5550837526330934,0.5740241831463349,0.3788116833229773,23.49123153797069,1.7897946067407817,2.473145611707328
Cube,294,0.001,5,0.5223189620614279,824.3280676512204,5220.252250291054,1.8457324124936196,1.8457324124936196,0.15790962354458257,1.1117903346329392,82.67030802300445,1.9945536949250147,2.695648690335145
Cube,295,0.001,5,0.6190419620675486,1593.286777506434,12671.52266504498,2.073558127614307,2.073558127614307,0.12573759441725138,2.640161362889896,37.86146573154046,1.877452140980901,2.2145738489904874
Cube,296,0.001,5,0.5777066509393682,4020333.7395013925,6149.191280025214,-6.482799623954822,6.482799623954822,653.7987771759326,0.9694759173095242,30.066867707201077,1.8773513612090562,2.1091414114976503
Cube,297,0.001,5,0.860107775625851,4968809.258505738,7425.032336589929,-6.506078464796106,6.506078464796106,669.1969857181454,4.746788469855879,51.01959168288499,1.0440110630244313,2.6373646218699505
Cube,298,0.001,5,0.43519658528492866,3416288.670233056,126869.49089947877,-3.2931511293042597,3.2931511293042597,26.927582399931357,0.41818613706495245,40.531703617406805,2.3070762230048643,2.6132829274886147
Cube,299,0.001,5,0.4532859101452352,649.5871788651796,10532.325532150113,2.785867377317942,2.785867377317942,0.061675569833300636,0.9828755155272725,45.15956725954385,2.408727790043583,2.7736394938377495
Cube,300,0.001,5,0.6102395458705044,2078.730071080249,46037.93346058849,3.0977085326013247,3.0977085326013247,0.04515254953526052,2.7243738959422403,85.75967706464573,1.9419188306706934,2.211399725710328
Cube,301,0.001,5,0.46358411287525764,4101795.818680682,15984.643776041048,-5.547551663978695,5.547551663978695,256.60852228867014,0.18316627079032555,21.71798851833855,1.801429285218131,2.3954134764983
Cube,302,0.001,5,0.8986869586007882,4875747.944344777,36958.796853139684,-4.882225102575754,4.882225102575754,131.92388171398434,1.9556832933868598,76.89776070492364,1.1402177634267128,2.5389077422339117
Cube,303,0.001,5,0.19139937581007288,2860307.164698218,112331.96670926912,-3.237225822473645,3.237225822473645,25.462984834059693,0.637454881267325,35.46212058823965,2.33446350911676,2.5659071590414744
Cube,304,0.001,5,0.525971019440913,112.12407397497,709.5691723673311,1.845051924893701,1.845051924893701,0.15801711565468826,0.9150165409593292,26.624097027601685,1.9943414559188857,2.7258184269778747
Cube,305,0.001,5,0.5715301031691766,408.53853801427096,4404.301250035613,2.377750649080612,2.377750649080612,0.09275899054610934,0.3159657860005134,48.62779330521594,2.594256271776409,1.8211960801033433
Cube,306,0.001,5,0.5375971668371151,36000.79529372358,1846.3131286762884,-2.9703502825067556,2.9703502825067556,19.498748470436485,0.2944979289798472,33.81790787985327,2.157057520842449,1.978288618926427
Cube,307,0.001,5,0.5234954272109162,81.46756113460128,35348.86439405308,6.072816628044538,6.072816628044538,0.002304672654443377,0.5632691714179259,50.05077703999446,2.2836658094504854,2.3225778696137804
Cube,308,0.001,5,0.3991411792384854,2784327.5937528,25935.2650632014,-4.676158056661171,4.676158056661171,107.35682041296661,1.215687214577989,60.34936244956297,2.1489485997500606,2.152611970162597
Cube,309,0.001,5,0.8433863083548674,420.25271587430603,37724.75079085599,4.497215442884206,4.497215442884206,0.011139973281842594,1.3810817360874312,56.78021673153633,1.9672747164332154,2.1472500886201025
Cube,310,0.001,5,0.6332206325599149,240.85957412119103,23837.5950249128,4.594805152591455,4.594805152591455,0.010104189364299016,0.2554178083370827,81.57008927377375,2.531361037714054,2.272870336296853
Cube,311,0.001,5,0.9656605567808745,4730892.698454758,56510.944628842095,-4.427434865214877,4.427434865214877,83.71639740809078,2.605526043695142,89.2012398349405,1.2569466580345443,2.474187066433821
Cube,312,0.001,5,0.7308076506255732,4560361.718086468,45973.50027328658,-4.597092074029044,4.597092074029044,99.19544283071083,2.1310848477543765,57.18763012289985,1.419153459553725,2.409747657589984
Cube,313,0.001,5,0.7915147498908407,2326529.543063857,11977.928019214445,-5.269067345297474,5.269067345297474,194.23472401334726,2.3128279677614434,53.983858974698194,1.3693866415268743,2.276607179660365
Cube,314,0.001,5,0.38939537102194494,1109.576255490583,2747.5276828369647,0.9067232922625426,0.9067232922625426,0.40384534154898416,0.8598827736837518,14.829255108893868,1.6065734029872518,2.135237141017281
Cube,315,0.001,5,0.8071907761942767,4388067.376405708,65167.37005830304,-4.209685291540552,4.209685291540552,67.33534547243279,3.0759904139917054,83.23008533954189,1.479685941480815,2.494171945973414
Cube,316,0.001,5,0.7289504320647937,3838110.5413457467,13658.050972027115,-5.638406315403506,5.638406315403506,281.01451292036717,2.2537942752671656,86.9054688959999,1.8994833310004693,2.2959139336641425
Cube,317,0.001,5,0.29047624379617965,1177.7394035138955,11551.98579276478,2.283260510970184,2.283260510970184,0.10195125103525794,0.6028790315738966,19.407669471230285,2.7295895267781267,2.612370611275043
Cube,318,0.001,5,0.41446547187809024,3302583.0617561988,54733.77440587666,-4.099979220365023,4.099979220365023,60.33903376123841,0.7370758045935434,49.55365352643116,2.335696462180903,2.479514163231848
Cube,319,0.001,5,0.9103071802549118,4464135.190628382,13832.027166813095,-5.776844075807176,5.776844075807176,322.73904155849925,1.23334014699821,75.38304500860706,1.4983194990635023,2.3060187500244282
Cube,320,0.001,5,0.7615247826945849,7761.132747089305,3132.545481579264,-0.9072823691633989,0.9072823691633989,2.4775802275587555,1.1781371850121702,56.68699619896135,1.8553636645291516,2.2921629907092256
Cube,321,0.001,5,0.34919765524622537,2798395.2838283577,9568.063073372361,-5.678370629649644,5.678370629649644,292.4724954642293,0.6535810927112586,28.341479477960025,2.5194380573928745,2.436807604500793
Cube,322,0.001,5,0.6246388191161887,132.44218327816003,26826.82232995826,5.311011301627599,5.311011301627599,0.0049369314654258605,0.667316449505903,75.71125283806403,2.5588173759921045,2.3642070522054968
Cube,323,0.001,5,0.6981073524813198,4262.289558711444,491.05194645070014,-2.1610118305324164,2.1610118305324164,8.67991582055436,1.985572850614199,63.53437590765722,1.8637185331672985,2.5121120642399815
Cube,324,0.001,5,0.3251007488482153,1161.7110293297792,18574.459330232567,2.7718935391689667,2.7718935391689667,0.06254346404791065,0.6135558800734575,74.1472007265927,2.4382217267610176,2.62729164311286
Cube,325,0.001,5,0.3830230974662402,3019199.2386186896,7508.734449626327,-5.996679986221373,5.996679986221373,402.0916252763394,0.495327010314598,32.140588609487615,2.4574482845353764,2.529231389917926
Cube,326,0.001,5,0.43285485426546405,78.01353124018706,36273.048342020666,6.141947985486444,6.141947985486444,0.0021507299442989456,0.4682262036800317,79.79149198684783,3.050814851559914,2.4781544914220612
Cube,327,0.001,5,0.5601054620691867,549.052481053845,327.7819762920465,-0.5158453499035307,0.5158453499035307,1.6750539101169226,1.1535456607656445,48.0457832447657,2.127569855964878,2.5988670085158003
Cube,328,0.001,5,0.40955743409051143,3002142.5745674996,9155.763307871921,-5.792697953543806,5.792697953543806,327.89648155127867,1.8294558851880869,4.7871811903247465,1.487995430832328,2.2788586304941587
Cube,329,0.001,5,0.8758473857966608,48415.83946232234,34553.39472837085,-0.3373212208910097,0.3373212208910097,1.4011890826625328,2.9748286665459855,74.27669652144391,1.200015716185689,2.434813784108528
Cube,330,0.001,5,0.5314313652909876,609.1824502306489,5397.1973876927905,2.181517282833436,2.181517282833436,0.112870144719881,0.8638658329112492,47.837207120054515,1.9586106633070903,2.4899147279610365
Cube,331,0.001,5,0.44638080288300863,1211.549294668882,8997.580944497322,2.0050558078610106,2.0050558078610106,0.13465278080213694,2.359955039813837,15.789998202840826,1.4300622693255487,2.215526524892126
Cube,332,0.001,5,1.071595185959657,21731.69436293256,7593.90928541136,-1.051425248494839,1.051425248494839,2.8617268848182404,2.639776355456963,70.0017049473018,1.3575431284063313,1.987921772002263
Cube,333,0.001,5,0.4900452410051545,3813.4840270797463,1986.626581022472,-0.6521051992256837,0.6521051992256837,1.9195776717721313,2.275932958731884,33.60313869312883,1.7169925028067563,2.1812485152600285
Cube,334,0.001,5,0.6550105590658228,4514.997028307437,6443.874895207169,0.3557255222881359,0.3557255222881359,0.7006649107458007,0.769893895702726,59.27523520363374,1.5945143723087638,2.619265714220479
Cube,335,0.001,5,0.7011137588181686,4991104.473863396,2722.1074535951325,-7.51400612227974,7.51400612227974,1833.5442516317867,6.441796076043699,32.771660200108926,1.014254238865526,2.506342548057305
Cube,336,0.001,5,1.0063430352023544,4651434.230516059,78091.36439084791,-4.08705140814244,4.08705140814244,59.564002585940145,1.7544885417448244,83.69282841336788,1.3062757807028567,2.0672598774980666
Cube,337,0.001,5,0.6899274250207581,502.4093611661722,4895.492178264994,2.276654849178237,2.276654849178237,0.10262693573421876,0.8710725942674258,71.45358299035178,1.4083655868635194,2.5383521203593746
Cube,338,0.001,5,0.4593180270499072,337.77345927941366,2575.457572273001,2.0314070633272525,2.0314070633272525,0.13115085370298205,1.3250975603765716,30.769878982775445,2.481827525480523,2.0121629545672297
Cube,339,0.001,5,1.0545001789904487,2140.9123732171024,8060.509299729407,1.3257446622738787,1.3257446622738787,0.26560509933149923,1.7396852705923744,84.23274813269668,1.6760700847696945,1.7025374383943899
Cube,340,0.001,5,1.14348372659443,3467.7017925559467,334.3581108269,-2.339034739199506,2.339034739199506,10.37122079670801,2.1294812210220044,74.75627177237394,1.4035957795995881,1.734731350174984
Cube,341,0.001,5,0.5159737119133859,4693.293930698558,2271.399779537482,-0.7257383821635806,0.7257383821635806,2.066256223576036,0.8031357790188212,31.36172096580099,2.0860675912902664,2.511575615661804
Cube,342,0.001,5,0.6408146298501839,506.26131128045006,5221.908556943601,2.3335652765469304,2.3335652765469304,0.09694947848278032,0.8645446343807814,88.83248776298713,1.7624493592832942,2.6807797970181264
Cube,343,0.001,5,0.3789220799733227,1747.3174146673439,19010.548478994344,2.3869123022855483,2.3869123022855483,0.09191304588597418,0.9274395734157399,12.01631087435772,1.9385279875558161,2.3999145885860504
Cube,344,0.001,5,0.6172861008471435,2204.1773272682913,13122.28224985473,1.7839573752862314,1.7839573752862314,0.1679721015978522,1.4016379175142017,33.56809485454684,1.4498484538413565,2.3637137936994783
Cube,345,0.001,5,0.30008636353061346,3483600.1565982406,5747.718463009408,-6.40701857874576,6.40701857874576,606.0839929821974,0.9167730109059061,10.98994295557557,1.9680279943900278,2.524902343003342
Cube,346,0.001,5,0.26209672103677817,4514.756874729512,6428.979194166508,0.35346443183140863,0.35346443183140863,0.7022509699247568,0.4416962296048028,4.57789576479606,2.3699807535459994,2.5161190607411634
Cube,347,0.001,5,1.0157288611702529,4907434.862576934,35570.64914012839,-4.926985817580723,4.926985817580723,137.9630392249631,4.05136416866038,88.74242297498917,1.1006459276311662,2.2921194252641306
Cube,348,0.001,5,0.36221621804937615,9219.396076695804,912.2968846687643,-2.3130993444268366,2.3130993444268366,10.105697204088527,1.1503702067076926,22.699877088821573,1.7931767056559957,2.4675316013155433
Cube,349,0.001,5,0.66918119742439,302.7062604960489,69167.83538775319,5.431528329020022,5.431528329020022,0.00437640210654396,0.8637640060389083,69.34635965271366,1.9951452029703935,2.1138172052137056
Cube,350,0.001,5,0.5177706116121116,4200851.3678073855,29804.528558661077,-4.948382143328473,4.948382143328473,140.94674772457137,2.883610466929739,14.790220120823854,1.6335885460923234,2.5712757241163344
Cube,351,0.001,5,0.6719001185200841,279.55407185021596,1494.7521207120574,1.6765199334357668,1.6765199334357668,0.1870236997670519,1.703002043779112,87.83440508126822,2.4443630535113874,2.2141987012747446
Cube,352,0.001,5,0.7470832001816043,46574.29309171207,18685.569536573807,-0.9132971950999487,0.9132971950999487,2.4925273484734225,0.5493754768508203,60.19454542441407,1.634237151089544,2.0101411157594438
Cube,353,0.001,5,0.5869178100943094,4313326.759223625,13805.546753081173,-5.744394305212365,5.744394305212365,312.4343306621276,1.985346156073138,47.665072665580354,1.5435820366188895,2.407995807409466
Cube,354,0.001,5,0.4939299887929198,5859.451301776452,7242.931851496213,0.2119701115950665,0.2119701115950665,0.8089888765922921,1.6142398457032254,35.78272826281079,2.072972628195307,2.5787900581374905
Cube,355,0.001,5,0.856890056565455,4976938.83412619,32849.423359169035,-5.020636098053435,5.020636098053435,151.50764686823678,7.275408305350485,74.41752887999381,1.031718438716004,2.424381632181782
Cube,356,0.001,5,0.8677508456900727,875.771878334539,6386.777080361983,1.986879406701231,1.986879406701231,0.13712266254404842,1.5811950813610332,64.99129646849887,1.856660990465799,2.0954201313937504
Cube,357,0.001,5,0.4203674477164056,390981.4839709518,49185.182679522535,-2.073067790202437,2.073067790202437,7.949172142319412,3.067892724152495,8.162148975752695,1.2149802294750534,2.1966453366752297
Cube,358,0.001,5,0.38666181033478786,45.618589144839085,25495.96198574832,6.325960074971216,6.325960074971216,0.0017892476138118996,0.018818512060013927,86.19630404314475,2.9243756458227685,2.624440589255551
Cube,359,0.001,5,0.30559501753817303,3204.7142055929507,6961.809258524351,0.7758164765275755,0.7758164765275755,0.46032778069421465,0.558106852977528,20.22800129236956,2.130306449096326,2.2695470927570387
Cube,360,0.001,5,0.5823177299072343,261.33351436883055,17194.09666856704,4.186523962525422,4.186523962525422,0.015199025538025556,1.5500164980085087,58.18761386028715,2.022659606230148,2.373625888940321
Cube,361,0.001,5,0.7035063945058418,2840918.7685181326,156425.05722604145,-2.8993057611574695,2.8993057611574695,18.1615325504588,1.5681549141470073,35.88928547860206,1.2074839217127686,2.306505701089788
Cube,362,0.001,5,0.7581270199638306,105475.8270213321,5096.701018134957,-3.029888327665075,3.029888327665075,20.694921410149544,2.1774554932893926,79.37142920564224,1.5934535038958677,2.1692161355949504
Cube,363,0.001,5,0.5706387332008253,3566534.7835193314,46181.314344598635,-4.346774489655326,4.346774489655326,77.22895794836712,2.099509196246169,68.85054731790562,1.8485936259126825,2.3991722200521615
Cube,364,0.001,5,0.6964509509044172,39.482985070085,23521.537364781358,6.389801942640336,6.389801942640336,0.0016785886252997481,0.3789157160876918,60.351210834931216,2.714027489527093,2.0768532832675897
Cube,365,0.001,5,0.5696296249783217,4979137.962829336,100256.92515375976,-3.905275912560386,3.905275912560386,49.663780882897065,5.118076077764211,12.950516060934198,1.029614946639203,2.2783319915446074
Cube,366,0.001,5,0.5534730837341312,130.07926509295268,9099.774309319644,4.247860894894604,4.247860894894604,0.014294779262792313,1.0318297898858455,37.55507546294338,2.339472288979203,2.1860638298167068
Cube,367,0.001,5,0.33970469201450826,1393.0270745881662,8736.043297703722,1.8359782444480475,1.8359782444480475,0.15945743709332633,0.25257635793764716,30.825426046158984,2.40310673049921,2.4021301903253782
Cube,368,0.001,5,0.5872052832093907,383.64774687593575,4681.944032995873,2.5017438885832703,2.5017438885832703,0.08194197627570698,0.7114705077174546,36.80361374285341,1.4855407744261258,2.1003514896486473
Cube,369,0.001,5,0.6734348253769629,417.90608361682195,182249.52029310373,6.0778752907930205,6.0778752907930205,0.002293043531443717,1.3178536130528706,64.63866053818667,2.175265915435699,2.1243918907418142
Cube,370,0.001,5,0.5836972994801078,782.7046417596582,8921.664979944318,2.4334824538615827,2.4334824538615827,0.08773078158831998,0.8517254834399124,66.6838492374634,2.3220191371037173,2.5010129151548486
Cube,371,0.001,5,0.3981217815287649,109.51469749408669,34130.16157736949,5.7418780121242134,5.7418780121242134,0.0032087365670926695,0.4688238706606409,17.634863315049394,2.0253155308642317,2.373210553239231
Cube,372,0.001,5,0.407379343508438,135.00393196835643,18634.396824722076,4.927460539812595,4.927460539812595,0.00724487801983738,0.05289901704706316,22.775560556670435,2.4818065246675474,2.561105155134892
Cube,373,0.001,5,0.7947335793860059,4873946.805205231,28397.55577739241,-5.145356242846949,5.145356242846949,171.6326166734896,3.559695802700899,61.43680116331105,1.133540125745506,2.294984368160755
Cube,374,0.001,5,0.565266443656172,577.3478979773752,413.2034674567445,-0.3345048986540231,0.3345048986540231,1.3972484343631841,1.0536563846618276,32.62614410079116,1.8348694876495912,1.8771946081762978
Cube,375,0.001,5,0.8982565907938204,2102506.48175663,10174.748370626174,-5.330976473859758,5.330976473859758,206.63965389320362,2.866902256665355,60.57279901302962,1.2073130277676694,2.44137836801117
Cube,376,0.001,5,0.5850713622004481,632.3918864245951,59940.72870066693,4.551602222527657,4.551602222527657,0.010550286927318566,1.2684199420917566,39.947586192976594,2.603044996612851,2.114054314481198
Cube,377,0.001,5,0.7434480273085623,133.03608134159774,8616.202587574926,4.170779351797104,4.170779351797104,0.015440222068761897,1.7354461255540918,66.71710631584766,2.2150503590622383,2.3126909506280042
Cube,378,0.001,5,0.6296672544567719,4826298.304773323,31851.77894603647,-5.020741821950301,5.020741821950301,151.52366569384006,2.3580175783679485,30.870793909537127,1.1810689084001496,2.2218741822703163
Cube,379,0.001,5,1.0880213074634124,10533.031599123029,20015.725242337678,0.6420020408671601,0.6420020408671601,0.5262378190945258,3.0201937412598587,78.51386544578693,1.4986283041711266,2.0103428252843076
Cube,380,0.001,5,0.5664186770060212,263.5274080219913,20718.93767052384,4.364646046495488,4.364646046495488,0.012719156368567254,0.6247965696823107,37.53912004973947,1.9254398223126903,1.9406014640723586
Cube,381,0.001,5,0.5179864212000856,6428.165766929711,1956.307325766863,-1.1896305570185302,1.1896305570185302,3.285867042597666,2.113725785227314,23.73381211777449,1.3811457728455647,2.535774689412484
Cube,382,0.001,5,0.7681798606422803,4894853.049654988,1350.819915348645,-8.195227781220607,8.195227781220607,3623.6162896603664,3.341577358863385,77.0088176841267,1.117522019550349,2.4254913917617964
Cube,383,0.001,5,0.6826516881866391,1444.5543441204009,6331.524366218568,1.4777401616907095,1.4777401616907095,0.22815269444870587,1.8436074177041237,35.930023751367784,1.669112341212773,2.241158159327866
Cube,384,0.001,5,0.699617053343114,3622.8434132144716,10594.075232697234,1.0730357137624082,1.0730357137624082,0.34196882065109724,0.032716932401955404,85.99742849127496,1.8742893986748714,2.8590098845824063
Cube,385,0.001,5,0.7852249505699161,330.12666074486435,14483.543368338556,3.7812919425025493,3.7812919425025493,0.02279322485867172,1.3778929162577003,82.49604156925281,1.6596228098834325,2.697314926847061
Cube,386,0.001,5,0.3908542691074903,3084430.0296379654,33684.76420317681,-4.5170765295513355,4.5170765295513355,91.56751138388769,0.46407915848018466,41.34385195752654,2.2403237344388502,2.6121691105332108
Cube,387,0.001,5,0.6370890830577325,4937418.505873232,44966.654011015315,-4.6986767108331815,4.6986767108331815,109.80177677137665,4.733481230136243,29.11545579866502,1.0720799846665843,2.1572924948726615
Cube,388,0.001,5,0.2897092767309084,3561342.808718283,5909.961133104727,-6.401253691253137,6.401253691253137,602.6000389020113,1.1590567674991945,7.402790026108837,2.2130302537592352,2.5797648541004667
Cube,389,0.001,5,0.7812890167401262,353.344276325689,11394.42522879367,3.4734366310661473,3.4734366310661473,0.03101027644929288,1.5341032024113208,61.76517014174936,1.8999219674899157,2.3751412182703517
Cube,390,0.001,5,0.33577013865696814,315.3040892677323,21299.574771504656,4.212904851801733,4.212904851801733,0.014803304415708691,0.23337900782100132,18.017149477488314,2.3481088560962413,2.5335183954798803
Cube,391,0.001,5,0.8247467519784398,4108861.479639808,13920.468104527936,-5.687540974322506,5.687540974322506,295.1669045025369,1.2854743659120886,87.95624718570811,1.6876698535162393,2.118021987174475
Cube,392,0.001,5,0.8289898201474262,761.1906741858755,2779.8852280121337,1.2952810370614145,1.2952810370614145,0.27382089969599027,1.7844162599962679,57.01928122110298,2.002643210929109,1.519180013370179
Cube,393,0.001,5,0.4123272643472087,718.1438012945785,45945.274337522475,4.158536449566222,4.158536449566222,0.015630417091841948,0.5200893358055977,33.109490331743174,2.741853239881725,2.078912168192784
Cube,394,0.001,5,0.3696937692385839,578.9090141913675,929.6788531519027,0.4736938851147512,0.4736938851147512,0.6226978404732822,0.7553321725864687,16.745218300768673,1.5153079818831607,2.1315252998674725
Cube,395,0.001,5,1.1051213841329215,4839073.025863774,21905.05476369966,-5.397761036468326,5.397761036468326,220.91124984918676,4.273578059334578,82.04461464552514,1.17466711419606,2.3742244166627766
Cube,396,0.001,5,0.4110069418757353,3666.191847715248,33557.096802604465,2.2140948905200286,2.2140948905200286,0.10925235485301887,1.8554720280592183,6.198879930810374,1.3730701404267502,2.0218381508395074
Cube,397,0.001,5,0.6166389523721078,3757711.341365885,5710.831954355167,-6.489200650909945,6.489200650909945,657.9971834927129,1.1898432390428466,83.00587142931604,2.048407090447721,2.688258063481925
Cube,398,0.001,5,0.52040683033308,84.42129694009961,30798.402732917843,5.899398405111383,5.899398405111383,0.0027410933505934297,1.373348711828259,77.00371490012985,2.4410908666968854,2.9749004481498935
Cube,399,0.001,5,0.5653356417849744,773.0144784145463,44579.20444362193,4.054724982618032,4.054724982618032,0.017340248397482196,0.38582432526317556,80.81378101654268,1.7397941138468056,2.381713369522738
Cube,400,0.001,5,0.6039494962741603,251.21187916428212,8718.035180574636,3.5468524450426626,3.5468524450426626,0.02881519447455635,0.9550988358398009,39.97737064791095,2.0632705986353352,2.1856966027379805
Cube,401,0.001,5,0.4796515552634084,25929.49038122185,2224.8384967120805,-2.4556966184852147,2.4556966184852147,11.654549496307741,1.4136756631648006,16.459034958279595,1.8812073436935373,2.7204413456771688
Cube,402,0.001,5,0.5224710371403517,2403.1791090703555,9162.555304531805,1.338332613573332,1.338332613573332,0.26228263068510393,0.5290039860415457,24.195488207697153,1.3016022029960126,1.6056449964258528
Cube,403,0.001,5,0.28967714681438095,11237.333281687354,256.5137789971154,-3.7798144603249373,3.7798144603249373,43.80791287556416,1.7620629999395268,17.163787152351755,2.0434221265084274,1.934706408515104
Cube,404,0.001,5,0.5819202016154422,3755012.725609094,56400.27197216241,-4.198372972475768,4.198372972475768,66.57791876362694,2.1851569304267158,56.16571747410965,1.8188740818943947,2.381070527247554
Cube,405,0.001,5,1.15560388159329,8187.518201271957,5522.781880801025,-0.393729126759947,0.393729126759947,1.4824989249954659,5.4159362443521495,87.28758968726136,1.0746703967525706,2.0023229539854404
Cube,406,0.001,5,0.8238246683119529,911.9465216037754,18409.251900649593,3.005027288149922,3.005027288149922,0.049537402525932965,1.8292175382589242,56.61642188165883,1.4225884671654294,2.303089282928668
Cube,407,0.001,5,0.6100846247300188,2905.835928063047,2608.1077242775677,-0.10809615530488603,0.10809615530488603,1.1141548721374033,1.9346086831716278,46.82653463133212,2.0706398406783335,2.3637461419538317
Cube,408,0.001,5,0.7830021389584572,6321.397051207063,3116.4579089048793,-0.7072431648473501,0.7072431648473501,2.0283916022560358,2.254209090155981,44.42154273174334,1.4372499964638816,1.8459541208401606
Cube,409,0.001,5,0.968329910029129,2239.586830165117,91548.6868805984,3.7105795297890944,3.7105795297890944,0.024463341927406117,1.96262062828028,80.95678032483976,1.341435802040798,2.339359393800924
Cube,410,0.001,5,1.065628693901585,4796332.804696709,13512.258243543756,-5.872009614392814,5.872009614392814,354.9615999226797,1.8139004411899495,79.86352662171383,1.2294858748677082,1.9883869798517284
Cube,411,0.001,5,0.2757494226338117,1057.4492273233573,52146.05395884199,3.898188892649265,3.898188892649265,0.02027860493831392,0.7612128472372448,23.863165634241458,2.7966350783261866,2.47381582647186
Cube,412,0.001,5,0.6214717117626205,11720.838176914156,949.4315571154564,-2.5132601328012054,2.5132601328012054,12.345111229001244,1.3777686064183086,39.40104550889986,2.0486113615318775,1.655324634438723
Cube,413,0.001,5,0.6120456184261515,35.5156749915532,4781.425850924854,4.902519928091799,4.902519928091799,0.007427841840250127,0.19595243567446513,71.47540158353816,2.890782028073883,2.4395193669988195
Cube,414,0.001,5,0.5108620600730176,974.201788249802,2125.2837605237605,0.7800421498284607,0.7800421498284607,0.45838668997767956,0.6957841918742176,46.869497714784835,2.2586416290087947,2.624781630021492
Cube,415,0.001,5,0.8562001401205424,4859119.562426115,33724.49340592827,-4.970388159829083,4.970388159829083,144.08280367443427,2.042734545758709,89.84324454458942,1.1500803404823177,2.4127550449577484
Cube,416,0.001,5,0.4746694330624865,695.7246468618848,13314.250385774514,2.951636238455513,2.951636238455513,0.05225413573453788,1.3437132047611164,14.926479510215593,1.54017778037277,2.1113040164159664
Cube,417,0.001,5,0.39648415915241597,785.7636191962027,16069.586852967992,3.018027740927317,3.018027740927317,0.04889756198374665,0.8846259580225715,37.74197207285898,2.189589940867332,2.343882416878059
Cube,418,0.001,5,0.14691674637838098,331.46956449313643,2251.082430915315,1.9156304659959593,1.9156304659959593,0.14724896784803979,1.5141443618388912,11.65940028820094,2.103110449542056,2.2793487625219626
Cube,419,0.001,5,0.3651405169648203,8082.744182936769,3155.561383383463,-0.9405650267979233,0.9405650267979233,2.561428285153582,1.074331696702243,14.062124657082482,1.4181206134736066,2.281689677326511
Cube,420,0.001,5,1.0011962435964048,1005.3654617884928,3979.583486406491,1.3758260431839382,1.3758260431839382,0.2526308256184679,0.6016549960773097,86.15168854438721,1.9987111699230522,1.6967649330738095
Cube,421,0.001,5,0.6840264375941499,115408.67064881719,64986.74746821947,-0.5742961228525338,0.5742961228525338,1.775880085478283,2.260652927191699,26.914432868356567,1.3028877880709722,2.267793499971373
Cube,422,0.001,5,0.3373991954275091,2357.854673951621,6767.58468960188,1.0543920874394423,1.0543920874394423,0.34840416220788034,1.132306968954638,36.641842321895176,1.997651105181064,2.6825947158026655
Cube,423,0.001,5,0.48880732434934504,165.26301719795552,19655.341729893484,4.778566175729524,4.778566175729524,0.008408045989178084,0.42572221563981705,58.92863758496398,2.465203286367697,2.4947809678706556
Cube,424,0.001,5,0.8045897535381039,3308.792745477758,317.62278093981826,-2.3434742171776746,2.3434742171776746,10.417365957464787,2.020185418206668,81.01422399919325,2.173983220976472,2.277975958061173
Cube,425,0.001,5,0.6747597129796463,2479.188784236109,11561.809017214342,1.5397759368430588,1.5397759368430588,0.21442914171518077,0.1871269914841626,71.8453525251593,1.7356620619115473,2.722150946643919
Cube,426,0.001,5,0.7888414369532021,10390.871737882486,2548.4125679329145,-1.4054570602728953,1.4054570602728953,4.077389928394051,4.276050740815515,33.57473250664728,1.082915452763585,2.3248810917558766
Cube,427,0.001,5,0.3867814974442028,19656.028271936597,1004.0975540873387,-2.974294891579137,2.974294891579137,19.575815309900527,1.6837908876204049,13.726897798801113,1.4302308996026647,2.4101605037804568
Cube,428,0.001,5,0.3183574034623209,180.8791924846997,2227.8115407269806,2.5109456471327514,2.5109456471327514,0.08119142448901899,0.7144808868398395,9.334010375289923,2.9595902785023074,2.5517950895080665
Cube,429,0.001,5,0.6642080359798996,3768917.51122862,53380.15050596582,-4.257104143419401,4.257104143419401,70.60522451706842,0.9157514681720906,77.75890617105247,1.9482569076562037,2.6327163879303233
Cube,430,0.001,5,0.5610802095543286,9798.132297469869,12645.444972202962,0.25510528345727046,0.25510528345727046,0.7748349163677501,2.1062828128629096,29.83416547776348,2.00065842217519,2.5403778834096555
Cube,431,0.001,5,0.44870053293649664,481.7097430865494,21209.95582606049,3.784884224969354,3.784884224969354,0.0227114920482143,1.2091818719755327,37.34076775290024,2.067716272936387,2.6341698357919734
Cube,432,0.001,5,0.6909507596513937,1177.9721328592925,15492.04175996777,2.57653202859842,2.57653202859842,0.07603724228934322,0.6020547244086629,72.89671473562605,2.233756870315862,2.0430446237394393
Cube,433,0.001,5,0.38414502386645316,96.16481572600908,60021.33891104609,6.436391876615457,6.436391876615457,0.001602177116850542,0.21806991380981494,33.44032345090732,2.561818342702437,2.318959784733967
Cube,434,0.001,5,0.471596270989154,1090.0306164828703,10389.768012892831,2.254615692577124,2.254615692577124,0.10491385516310217,1.3488391172325707,29.324495625702568,2.499496184393395,1.805434507562344
Cube,435,0.001,5,0.8700742757806544,294522.3301621704,14480.9388420018,-3.0125216021868013,3.0125216021868013,20.338621229993162,4.391050484864511,79.06294981593999,1.0677287561956894,2.3529864288022693
Cube,436,0.001,5,0.4730624847243013,620.334848224701,1521.6890443558593,0.8973168002603282,0.8973168002603282,0.40766203221716213,1.1308858829558979,69.09393048183401,2.302577692663165,2.507025566818925
Cube,437,0.001,5,0.716260620344078,229.82262874038042,32680.649921468143,4.95723060419226,4.95723060419226,0.0070323763233793085,0.5506264938646611,85.71611226523369,1.809261981218649,2.5817317053022104
Cube,438,0.001,5,1.0638284339951851,4996739.275631596,17670.983152967026,-5.6446169093499226,5.6446169093499226,282.7652107626295,6.223771023184213,83.0723772377684,1.0059213448429771,2.4023290568214875
Cube,439,0.001,5,0.45557340450366884,167.70280073781527,5618.208456573173,3.5115747425262835,3.5115747425262835,0.029849871544301083,0.0016313898043345638,42.447987164285166,2.869548281861504,2.305320963939295
Cube,440,0.001,5,0.5846469043902638,80.74630339628247,11765.738099769353,4.981634853424865,4.981634853424865,0.006862833654087997,0.0867805342799992,58.60244128375735,2.291682458347173,1.9659136945251354
Cube,441,0.001,5,0.8982170257499885,3042.0282154293877,2754.614923236381,-0.09924681002745217,0.09924681002745217,1.104338827822557,1.6438078932224116,71.58613138003145,2.2834066349414943,1.8945321228552967
Cube,442,0.001,5,0.865088456727556,3878253.774040749,92389.77123100292,-3.737124001517129,3.737124001517129,41.97709034633194,0.6595545598690659,87.17883390715168,1.9874078858610407,2.3717535737426676
Cube,443,0.001,5,0.49739515411388746,505.94762105660357,1382.091800415351,1.0049202796614631,1.0049202796614631,0.3660738171694199,1.9487529262279086,38.271338590925126,2.216226675769443,2.6780280717601133
Cube,444,0.001,5,0.831492287506571,616.0336385431604,18035.96265013606,3.3768213986209243,3.3768213986209243,0.03415585020290076,0.22027506171385766,77.39549602238871,2.045168700705676,2.1182410655530552
Cube,445,0.001,5,0.418895499357846,119.57516884993855,5499.8346326118,3.8285281023213766,3.8285281023213766,0.021741593490994447,0.9717517260838948,62.08460850018513,2.772955208901791,2.768968296584581
Cube,446,0.001,5,0.3414198917178208,10704.939525136178,4978.110499702151,-0.7656548715001268,0.7656548715001268,2.15040215073102,0.8626989381912036,13.408052254389139,2.130905338294845,2.20891275538111
Cube,447,0.001,5,0.8122842968462862,581.8827146201418,27073.711001632062,3.840049556149167,3.840049556149167,0.021492536231367196,1.786492487476826,88.09148339982391,1.9742754955970008,2.142825495980224
Cube,448,0.001,5,0.5187549951405439,529.658245575807,176439.41336742695,5.808500850493536,5.808500850493536,0.0030019270381092126,1.3510909201710972,37.48306129490092,1.8447516763357603,2.230045064465523
Cube,449,0.001,5,0.32537193442024437,353.9437090656017,697.387631068848,0.6782035117561396,0.6782035117561396,0.5075279418465329,1.5290026162736208,16.865847588356573,2.148593751330448,1.934935320123607
Cube,450,0.001,5,0.7801406185718335,641.3820832605069,6144.7783720167035,2.2597326018883734,2.2597326018883734,0.10437839160828946,1.3235594630284715,54.684431645644196,1.6136856084241116,2.1904305442650642
Cube,451,0.001,5,0.8792584123371404,8146.7798546764525,2419.0337773676506,-1.2142545444303305,1.2142545444303305,3.3677825960502434,1.381900840574348,73.14176186749829,1.7539429372217386,2.1194224703211817
Cube,452,0.001,5,0.4534931510241941,250.89506030141052,56335.24066500751,5.414040797361933,5.414040797361933,0.004453607676824097,0.1474005276866487,73.10415953633745,2.4266551169442705,2.65290639847881
Cube,453,0.001,5,1.0696028365408412,4824106.687798444,14925.012124118299,-5.7783423825923474,5.7783423825923474,323.2229660974852,3.041996501478718,70.2421298794927,1.1770187330034416,2.1653912570924074
Cube,454,0.001,5,0.4732179460717479,71136.7220979065,10280.792515503148,-1.934326338675957,1.934326338675957,6.919381165472828,1.7184095450827643,49.90441682989849,1.991987763617912,2.029799541742128
Cube,455,0.001,5,0.8034398252084348,253.96408366103117,9884.366110978726,3.661516753082446,3.661516753082446,0.02569351244274017,0.10277446655639542,84.1360252241904,1.5303658298346885,2.3582003571223695
Cube,456,0.001,5,0.43392306983789264,634.7834972540642,67892.20696088146,4.672392543110604,4.672392543110604,0.009349872771403903,0.9033134155187629,38.3219458267283,1.9824674784179421,2.6455186618587074
Cube,457,0.001,5,0.6331976940976135,3875234.0819020737,4469.517100868177,-6.7650809765317295,6.7650809765317295,867.0364145489749,0.38683803971231423,67.18803792684687,2.007840829291811,2.438304072184404
Cube,458,0.001,5,0.5615014720148251,50.43847021473268,67797.28606812525,7.203523262808608,7.203523262808608,0.0007439600187542938,0.33182467684630157,81.23755115888675,3.2592497418595516,2.200194763064901
Cube,459,0.001,5,0.5713349233115,6992.319723668265,85833.47183321549,2.507596680648195,2.507596680648195,0.08146378766147504,1.7271667902018464,41.850588377126535,1.6171383757664048,2.386976354960112
Cube,460,0.001,5,0.8283008992447589,4492947.663018293,49387.93440450503,-4.5105581089039966,4.5105581089039966,90.97257695005885,0.7121751921153499,86.71665526290442,1.4802018995960935,2.364758990850638
Cube,461,0.001,5,0.4085128763276993,255.93728014934857,2154.4533014676826,2.130359866893736,2.130359866893736,0.1187945359386513,0.4754274060568771,27.264859379150767,2.33911282191808,2.3941215377034135
Cube,462,0.001,5,0.4455969728929122,551.4166772571925,65563.65109404533,4.778285978756272,4.778285978756272,0.008410402228305337,0.719334931419839,15.57054451715128,1.6948798111750452,2.2469783516004713
Cube,463,0.001,5,0.7667993097652557,6316.530185922807,19007.8674213839,1.101682932094116,1.101682932094116,0.3323113553925936,0.7314471508043725,38.35726461813094,1.5353266803823389,2.14288108272374
Cube,464,0.001,5,0.25510399812891776,58.359053336026136,2135.033554658181,3.5996231395936347,3.5996231395936347,0.027334021616990195,0.09661716713740223,49.165851910850314,3.302511159189274,2.725896546432902
Cube,465,0.001,5,0.39862505911224944,446.80644363059827,1365.5779637697867,1.117207545859964,1.117207545859964,0.327192189303607,1.1755152001011,81.91914370027314,3.0391709521321144,2.7790034529469336
Cube,466,0.001,5,0.6584197176986075,2081.103882266463,93611.78519761463,3.80625782022525,3.80625782022525,0.02223121669855189,0.7266600312015286,36.43442376744447,1.2306804478143516,2.0190161248457357
Cube,467,0.001,5,0.7454393257334488,222.5312463365688,62444.980073624596,5.636973604474466,5.636973604474466,0.003563637078179823,0.684995112145778,60.79408813837586,2.024101220287765,2.4002371851644546
Cube,468,0.001,5,0.4322215040668046,310.31991400688094,14764.067863308333,3.8623479146582023,3.8623479146582023,0.021018591683535138,0.9608297229467041,61.46742450700745,2.6408453759788006,2.719916088138566
Cube,469,0.001,5,0.6952647826093574,9886.053410491362,425.0930325160131,-3.1465722514845567,3.1465722514845567,23.25621135679037,0.9041347794466401,71.38556828595928,2.377740014223374,1.9476156702941376
Cube,470,0.001,5,0.44122923778780604,71.310619487186,7736.2406107644265,4.686625882141382,4.686625882141382,0.009217735470631868,0.5334330479360004,87.01821119134978,2.87444980168192,2.6073295832796783
Cube,471,0.001,5,0.3637121628855667,479.64351970465077,25904.8626934497,3.989142818140878,3.989142818140878,0.018515578537535864,0.23793563686813748,21.96582829415525,2.1373909427699864,2.1139641545322028
Cube,472,0.001,5,0.6459382473012302,4797775.978920148,9826.160658235009,-6.190859467865076,6.190859467865076,488.2655744997693,1.4547584878158573,34.19161429513779,1.21256142148301,2.2442550202601916
Cube,473,0.001,5,0.7182563652435596,1977.0700860599568,7525.378827661095,1.3366651576408222,1.3366651576408222,0.2627203402429157,0.6687308144246386,88.30467089874341,2.5727143587229393,2.393700348114083
Cube,474,0.001,5,0.7548729999583487,1745.736546935371,25689.878631710857,2.6889205302370423,2.6889205302370423,0.06795425435682999,2.835196214826408,76.45723686064996,2.1447677509374934,2.234652939041679
Cube,475,0.001,5,0.7924228926527781,7751.071607740783,629.2165542451147,-2.511110903928179,2.511110903928179,12.318607251266487,2.375873058827578,77.67530183964234,1.9791312754294994,2.258379778644978
Cube,476,0.001,5,0.5833102037488883,505.3747756518837,4199.037449410226,2.1173103152573667,2.1173103152573667,0.12035491031947473,0.37406980713844,72.2426372439183,2.1184545750765014,2.5721245740859486
Cube,477,0.001,5,0.4212642604767834,1403.423510099201,22823.554846941046,2.7888784940545532,2.7888784940545532,0.061490136813078286,0.8521220229211812,12.154676248418436,1.8488176595013777,2.753095909418195
Cube,478,0.001,5,0.611493661266708,26275.84391181056,8840.427839031783,-1.0893147611206793,1.0893147611206793,2.972236682459967,1.799186322043056,15.413449668269879,1.4103433678363262,2.837668752153449
Cube,479,0.001,5,0.7366321143023996,4310813.777139735,169248.6839683661,-3.2375128405813065,3.2375128405813065,25.470294220695152,0.7595817974888954,64.92367223607614,1.5894885568418786,2.1725168008604654
Cube,480,0.001,5,0.44617706280714364,3811625.800366835,10148.264777659946,-5.928508363351545,5.928508363351545,375.593846226561,1.4844192846731072,21.027443777518858,1.9059065207417847,2.410729554829394
Cube,481,0.001,5,0.5103687484915574,4345.664398416806,5293.380092412297,0.1972783426353235,0.1972783426353235,0.8209620927554442,1.1051649310446363,55.098694835060094,2.854753920576313,2.1922093896143293
Cube,482,0.001,5,0.29988186769541086,304.9343623240954,2181.814518432354,1.9678156095258474,1.9678156095258474,0.13976181739921342,0.9277615355629905,28.698863159528006,2.460635673107568,2.4977882703104117
Cube,483,0.001,5,0.3907214433932591,61.25740898802068,5312.346554293405,4.462704123738693,4.462704123738693,0.011531139461997793,1.2978154170055682,88.7396368398181,2.949550696540227,2.2490608282023516
Cube,484,0.001,5,0.3791454681952097,10376.792650740912,1120.7350178224,-2.2255871008330734,2.2255871008330734,9.258917126461462,1.008741190136889,37.048237155499066,2.1168484489243076,2.7113275842242115
Cube,485,0.001,5,0.5262720344519987,1755.9369230261589,500.7117578628855,-1.254727250812003,1.254727250812003,3.5068817447402605,2.551169281736969,51.00277459267462,2.531459793736774,2.4079407246147793
Cube,486,0.001,5,0.8917326445462315,4987494.2360147005,5369.659417459322,-6.83392442219367,6.83392442219367,928.8287856391747,6.457879661615907,61.79547545614984,1.0183701372795693,2.4829125017261053
Cube,487,0.001,5,0.32498447934751723,59.74925893893294,73069.35792482903,7.109007589583356,7.109007589583356,0.0008177060896087345,1.2454349352096457,27.9187586245577,2.5032490553763505,2.201049196558837
Cube,488,0.001,5,0.2864206474258142,2933.9786544819963,2834.89834068886,-0.03435332659341128,0.03435332659341128,1.0349502175690224,1.415129013106732,9.654817692723146,1.9802053899209937,2.553685126427484
Cube,489,0.001,5,0.8051517442481138,4286274.019676666,21827.22906579182,-5.280014877543071,5.280014877543071,196.37279687480907,0.921754855721138,62.98987640633054,1.6181744254216075,2.259535139292023
Cube,490,0.001,5,0.6591344430846356,3727615.8301719525,37811.23797090047,-4.590917761391017,4.590917761391017,98.58486604011024,0.008986171515108677,61.83832849205105,1.9599663428532577,2.074900595888982
Cube,491,0.001,5,0.8660887334691073,4802055.736749107,19767.279933629867,-5.492771341535917,5.492771341535917,242.92951548581146,2.9974992430179044,83.51628611426649,1.19187072707036,2.4282053884863966
Cube,492,0.001,5,0.5183978399425664,3639.6072098290974,896.9920887899993,-1.4005840030327432,1.4005840030327432,4.057568907590655,1.1229307002420812,31.353332273451546,1.9385318966266802,2.264848798077848
Cube,493,0.001,5,0.6656660066288645,4879389.113070289,26419.87372107716,-5.218658789852224,5.218658789852224,184.68631472593395,4.646197900874195,32.60475761020975,1.1253769332669217,2.3586296602999277
Cube,494,0.001,5,0.5990013151030925,4222359.836088905,8666.73571590032,-6.188657237058168,6.188657237058168,487.19148414118644,1.254581572716301,64.79778169880801,1.7587619139658799,2.378780594548458
Cube,495,0.001,5,0.4421611028829877,481.73145493820664,17587.964267495634,3.5975832873023066,3.5975832873023066,0.027389835890700317,1.6017419706664202,26.916824030659466,2.3300108851614247,2.6372890123508355
Cube,496,0.001,5,0.883243616966733,4362662.755452868,47047.27526807588,-4.529684920712281,4.529684920712281,92.72933938457368,2.227649571323174,76.17972194212591,1.5521171425410878,2.087367338868197
Cube,497,0.001,5,0.26681200269426897,351.79696797880945,11496.94151847394,3.4867821103909264,3.4867821103909264,0.0305991786957881,0.28074585536260016,22.316028673272083,2.4976259177212725,2.685772767646204
Cube,498,0.001,5,0.6189202283342669,6336.928514918718,8175.2953610115,0.25472265622746804,0.25472265622746804,0.7751314460318988,1.3736619406035513,32.76645111845724,1.550940593971442,1.644098198129737
Cube,499,0.001,5,0.1335944851142671,5604.831275853082,3658.770324497533,-0.4265018395891147,0.4265018395891147,1.5318893449871867,1.403172925222726,3.986042639935167,1.9108670268451888,1.7838423992160246
